_id,latitude,longitude,intensity,__v
6581970d9807e32264eebdf0,26.9274367705,76.3451881647,0.6666666667,0
6581970e9807e32264eebdf3,26.8260953,75.7954738,0.8888888889,0
6581970e9807e32264eebdf6,27.55609,76.61235,0.8611111111,0
6581970e9807e32264eebdf9,26.49891,74.54443,0.75,0
6581970f9807e32264eebdfc,26.298938,73.011282,0.8333333333,0
6581970f9807e32264eebdff,23.9969207,73.7568527,0.6388888889,0
658197109807e32264eebe02,25.13677,72.67675,0.7222222222,0
658197109807e32264eebe05,27.72371,74.718,0.5555555556,0
658197119807e32264eebe08,26.9304439,77.2807263,0.8333333333,0
658197119807e32264eebe0b,25.732783,74.334844,0.7777777778,0
658197129807e32264eebe0e,25.445133,75.6382582,0.7222222222,0
658197129807e32264eebe11,27.5756361,74.6854752,0.9722222222,0
658197139807e32264eebe14,26.95325,74.76714,0.7222222222,0
658197139807e32264eebe17,25.319143,73.000571,0.6388888889,0
658197149807e32264eebe1a,24.8056,73.44295,0.6944444444,0
658197149807e32264eebe1d,27.180978,73.726523,0.6388888889,0
658197149807e32264eebe20,26.939256,75.828752,0.7777777778,0
658197159807e32264eebe23,25.9571,76.2215,0.6111111111,0
658197159807e32264eebe26,24.58179,73.68554,0.6666666667,0
658197169807e32264eebe29,25.5226363,73.4492251,0.6944444444,0
658197169807e32264eebe2c,26.8354273,75.6952165,0.7222222222,0
658197179807e32264eebe2f,27.2039476705,73.7230271237,1,0
658197179807e32264eebe32,24.5581012852,72.3925917119,0.5555555556,0
658197189807e32264eebe35,25.315507,75.732934,0.7222222222,0
658197189807e32264eebe38,29.61067,74.28636,0.5833333333,0
658197199807e32264eebe3b,25.06150833,72.43777667,0.7777777778,0
658197199807e32264eebe3e,24.56123033,72.4006586,0.6111111111,0
6581971a9807e32264eebe41,26.364086,75.927097,0.4722222222,0
6581971a9807e32264eebe44,26.916563,75.801378,0.8333333333,0
6581971b9807e32264eebe47,24.8112098461,74.0810465813,0.6388888889,0
6581971b9807e32264eebe4a,26.7110169,77.8472482,0.6944444444,0
6581971c9807e32264eebe4d,26.0723473,75.9914374,0.5555555556,0
6581971c9807e32264eebe50,26.87398,75.24108,0.8888888889,0
6581971d9807e32264eebe53,26.265541,73.033646,0.6388888889,0
6581971d9807e32264eebe56,26.902467,75.834593,0.6666666667,0
6581971d9807e32264eebe59,26.98092,75.6054033333,0.75,0
6581971e9807e32264eebe5c,27.4733697,77.3272506,0.5277777778,0
6581971e9807e32264eebe5f,24.05379,74.07782,0.8611111111,0
6581971f9807e32264eebe62,29.636781,74.314783,0.4722222222,0
6581971f9807e32264eebe65,26.09059,74.52432,0.6666666667,0
658197209807e32264eebe68,26.978251,75.774266,0.7777777778,0
658197219807e32264eebe6b,28.0117,73.35516,0.8888888889,0
658197219807e32264eebe6e,26.12361,74.697062,0.7222222222,0
658197229807e32264eebe71,25.8708,75.6028,0.6666666667,0
658197229807e32264eebe74,27.93224,72.51282,0.6111111111,0
658197239807e32264eebe77,29.2924263,74.5741666,0.6666666667,0
658197239807e32264eebe7a,26.9371,75.785339,0.6111111111,0
658197239807e32264eebe7d,25.146082,73.846375,0.9166666667,0
658197249807e32264eebe80,29.8327998212,73.7292576861,0.8333333333,0
658197249807e32264eebe83,26.949792,75.712954,0.5,0
658197259807e32264eebe86,26.4551909,74.6308517,0.7222222222,0
658197259807e32264eebe89,26.40408,77.127431,0.7222222222,0
658197269807e32264eebe8c,27.5675,75.15668,0.7222222222,0
658197279807e32264eebe8f,26.8355279,75.7592288,0.6111111111,0
658197279807e32264eebe92,25.440805,75.639273,0.6111111111,0
658197289807e32264eebe95,28.26034,75.64387,0.7222222222,0
658197289807e32264eebe99,26.47254,76.71197,0.8333333333,0
658197299807e32264eebe9c,27.5668206611,76.631950554,0.1388888889,0
658197299807e32264eebe9f,25.45709,75.31917,0.1111111111,0
6581972a9807e32264eebea2,26.765229,76.212698,0.1666666667,0
6581972a9807e32264eebea5,24.56021,73.71726,0.0833333333,0
6581972b9807e32264eebea8,25.72465,73.61009,0.0833333333,0
6581972b9807e32264eebeab,25.179413,75.863533,0.0833333333,0
6581972b9807e32264eebeae,26.9238206,75.8031127,0.0833333333,0
6581972c9807e32264eebeb1,27.6174137,76.1042692,0.1111111111,0
6581972c9807e32264eebeb4,29.68257,74.15566,0.0833333333,0
6581972d9807e32264eebeb7,27.7133106,73.8104994,0.1388888889,0
6581972d9807e32264eebebb,27.53362,77.12216,0.0833333333,0
6581972e9807e32264eebebe,25.30783,75.93281,0.1666666667,0
6581972e9807e32264eebec1,26.20215,73.938562,0.1944444444,0
6581972f9807e32264eebec4,28.01409377,73.314797705,0.1111111111,0
6581972f9807e32264eebec7,26.948803,75.856109,0.1666666667,0
658197309807e32264eebeca,25.175515,75.841248,0.1388888889,0
658197309807e32264eebecd,26.8855381012,76.6393127441,0.1111111111,0
658197319807e32264eebed0,24.58081912,73.72211365,0.1666666667,0
658197319807e32264eebed3,26.89918,75.82316,0.1111111111,0
658197319807e32264eebed6,28.01281607,73.3070393801,0.1111111111,0
658197329807e32264eebed9,24.64639,72.92189,0.1388888889,0
658197329807e32264eebedc,26.169996539,75.786880807,0.1111111111,0
658197339807e32264eebedf,27.834298,74.332289,0.0833333333,0
658197339807e32264eebee2,27.20723,77.53981,0.1388888889,0
658197349807e32264eebee5,25.186588,75.841467,0.0833333333,0
658197349807e32264eebee8,26.916545,75.779446,0.1388888889,0
658197359807e32264eebeeb,27.75803705,76.52317186,0.1111111111,0
658197359807e32264eebeee,24.58274,73.69394,0.0555555556,0
658197369807e32264eebef1,26.69935,76.7189,0.1388888889,0
658197369807e32264eebef4,26.92061,75.789814,0.0555555556,0
658197379807e32264eebef7,27.20007,73.73047,0.1388888889,0
658197389807e32264eebefa,24.623724,74.689993,0.1111111111,0
658197389807e32264eebefd,26.46262,74.63144,0.1388888889,0
658197399807e32264eebf00,26.4991,74.68618,0.1111111111,0
658197399807e32264eebf03,27.582048,76.07487,0.0833333333,0
6581973a9807e32264eebf06,25.35,74.6316,0.0833333333,0
6581973a9807e32264eebf09,25.169751,75.852805,0.1388888889,0
6581973a9807e32264eebf0c,26.457352,74.634915,0.0555555556,0
6581973b9807e32264eebf0f,24.5092314889,74.1859685243,0.0555555556,0
6581973b9807e32264eebf12,24.853423,73.768869,0.1388888889,0
6581973c9807e32264eebf15,26.8680773,75.7543215,0.0833333333,0
6581973c9807e32264eebf18,24.41333,73.47681,0.1388888889,0
6581973d9807e32264eebf1b,27.76093,76.51826,0.1111111111,0
6581973d9807e32264eebf1f,24.91428,74.62281,0.1388888889,0
6581973e9807e32264eebf22,25.4297988544,73.8208615829,0.1111111111,0
6581973e9807e32264eebf25,24.6181182861,77.031791687,0.1666666667,0
6581973f9807e32264eebf28,24.58934,73.74595,0,0
6581973f9807e32264eebf2b,26.9240318,75.821584,0.1111111111,0
658197409807e32264eebf2e,28.1809,75.50209,0.1666666667,0
658197409807e32264eebf31,24.54735,76.17286,0.1111111111,0
658197409807e32264eebf34,27.7006,76.24276,0.1388888889,0
658197419807e32264eebf37,26.470883,74.634041,0.1111111111,0
658197419807e32264eebf3a,25.99338,76.38544,0.0555555556,0
658197429807e32264eebf3d,25.9731,75.15096,0.1388888889,0
658197429807e32264eebf40,25.43002,73.82141,0.1388888889,0
658197439807e32264eebf43,24.8865,72.8529,0.0833333333,0
658197449807e32264eebf47,26.914822,75.777341,0.0833333333,0
658197449807e32264eebf4a,24.28211,76.24715,0.1111111111,0
658197459807e32264eebf4d,24.75078,72.20537,0.0833333333,0
658197459807e32264eebf50,26.7867,73.58118,0.1111111111,0
658197469807e32264eebf53,25.61257,72.51567,0.0555555556,0
658197469807e32264eebf56,24.8789,72.86738,0.0833333333,0
658197479807e32264eebf59,25.27296,73.56161,0.1666666667,0
658197479807e32264eebf5c,27.054587,76.170895,0.1111111111,0
658197479807e32264eebf5f,26.93638,75.84318,0.1388888889,0
658197489807e32264eebf62,25.19414,75.85326,0.1111111111,0
658197489807e32264eebf65,27.73379,76.55361,0.1111111111,0
658197499807e32264eebf68,27.649647,76.138441,0.1111111111,0
658197499807e32264eebf6b,26.857377,75.815745,0.0833333333,0
6581974a9807e32264eebf6e,26.7847587,74.0820464,0.0555555556,0
6581974a9807e32264eebf71,26.975622,75.386268,0.0833333333,0
6581974b9807e32264eebf74,24.87583,74.63872,0.0833333333,0
6581974b9807e32264eebf77,28.98909743,73.02924638,0.1666666667,0
6581974b9807e32264eebf7a,27.81504,75.01538,0.1111111111,0
6581974c9807e32264eebf7d,27.18711,75.61972,0.1666666667,0
6581974c9807e32264eebf80,26.5022,75.51539,0.1111111111,0
6581974d9807e32264eebf83,25.915495,71.506567,0.1111111111,0
6581974e9807e32264eebf87,27.4043,75.0599,0.1111111111,0
6581974e9807e32264eebf8a,26.9785627,75.7739146,0.0555555556,0
6581974e9807e32264eebf8d,23.5712535,74.4080965,0.1111111111,0
6581974f9807e32264eebf90,26.95406,75.71573,0.1388888889,0
6581974f9807e32264eebf93,27.0084032,71.9209404,0.1388888889,0
658197509807e32264eebf96,26.0849,76.36438,0.1666666667,0
658197509807e32264eebf9a,27.1954,77.45291,0.0555555556,0
658197519807e32264eebf9d,25.79052,73.37398,0.1388888889,0
658197519807e32264eebfa0,23.73047,73.89398,0.1111111111,0
658197529807e32264eebfa3,26.890396,75.73679,0.0833333333,0
658197529807e32264eebfa6,29.316143,73.904128,0.1111111111,0
658197539807e32264eebfa9,25.1917381,75.8296945,0.1666666667,0
658197539807e32264eebfac,26.70986,75.89359,0.1388888889,0
658197549807e32264eebfaf,26.930012,75.807378,0.1388888889,0
658197549807e32264eebfb2,26.905978,76.355558,0.0833333333,0
658197559807e32264eebfb5,27.7946,75.9757,0.0833333333,0
658197559807e32264eebfb8,27.4659192,77.3069608,0.1388888889,0
658197569807e32264eebfbc,24.76253,71.77876,0.1111111111,0
658197569807e32264eebfbf,27.957212,76.564815,0.1666666667,0
658197579807e32264eebfc2,24.38884,74.70107,0.1111111111,0
658197579807e32264eebfc5,27.366347,75.584232,0.0833333333,0
658197589807e32264eebfc8,26.635734,76.253705,0.1388888889,0
658197589807e32264eebfcc,25.07982,71.15659,0.1666666667,0
658197599807e32264eebfcf,27.740409,75.782101,0.1944444444,0
658197599807e32264eebfd3,28.2038962,75.876701,0.1666666667,0
6581975a9807e32264eebfd6,23.98433,73.59635,0.1944444444,0
6581975a9807e32264eebfd9,28.92768,74.21372,0.0555555556,0
6581975b9807e32264eebfde,27.3644584954,75.4036469059,0.1111111111,0
6581975c9807e32264eebfe1,24.8055842,73.4429415,0.1388888889,0
6581975c9807e32264eebfe4,24.82655,73.46719,0.1666666667,0
6581975c9807e32264eebfe7,26.12369,74.69654,0.1111111111,0
6581975d9807e32264eebfea,24.92612,72.68374,0.1388888889,0
6581975d9807e32264eebfed,25.3498,74.6511,0.1666666667,0
6581975e9807e32264eebff0,26.35876,75.4654,0.1388888889,0
6581975e9807e32264eebff3,24.36193,76.17941,0.0833333333,0
6581975f9807e32264eebff6,24.07693,73.69429,0.1111111111,0
6581975f9807e32264eebff9,23.89169,74.8119,0.2222222222,0
658197609807e32264eebffc,26.52228,76.37815,0.0277777778,0
658197609807e32264eebfff,25.21983,77.35138,0.0833333333,0
658197619807e32264eec002,25.5183399676,76.1780587003,0.1111111111,0
658197629807e32264eec007,26.8687917,75.6905195,0.1111111111,0
658197629807e32264eec00b,24.89202,72.09344,0.0833333333,0
658197639807e32264eec00e,25.2130509,72.0234482,0.1111111111,0
658197639807e32264eec011,27.85788,76.41137,0.0833333333,0
658197649807e32264eec014,27.21185,77.47811,0.1388888889,0
658197649807e32264eec017,27.31323,77.37913,0.1111111111,0
658197659807e32264eec01a,25.43,73.8213,0.0555555556,0
658197659807e32264eec01d,25.43484,75.64797,0.1111111111,0
658197669807e32264eec020,25.135608,75.819984,0.1666666667,0
658197669807e32264eec023,28.11845,75.40246,0.1666666667,0
658197679807e32264eec026,24.61227,76.42819,0.1111111111,0
658197689807e32264eec02b,27.68611,74.45897,0.1388888889,0
658197689807e32264eec02e,25.34997,74.65107,0.1666666667,0
658197689807e32264eec031,25.4081453,75.1357825,0.1944444444,0
658197699807e32264eec034,26.848552375,75.80876835,0.0277777778,0
658197699807e32264eec037,27.5409,75.74679,0.1388888889,0
6581976a9807e32264eec03a,27.108261,77.347215,0.1111111111,0
6581976a9807e32264eec03d,23.72302,73.69573,0.0555555556,0
6581976b9807e32264eec040,26.474756,75.942974,0.1111111111,0
6581976b9807e32264eec043,28.0104578824,73.3521576471,0.1111111111,0
6581976c9807e32264eec046,27.379024,75.961162,0.0833333333,0
6581976c9807e32264eec049,26.423523,74.630321,0.1111111111,0
6581976c9807e32264eec04c,25.3236066,76.5130107,0.1666666667,0
6581976d9807e32264eec04f,26.927515,75.828299,0.0555555556,0
6581976d9807e32264eec052,26.21075,73.69657,0.1666666667,0
6581976e9807e32264eec055,25.32403,76.51301,0.1388888889,0
6581976e9807e32264eec058,28.100918,75.37222,0.1111111111,0
6581976f9807e32264eec05c,26.811515,75.788898,0.0277777778,0
6581976f9807e32264eec05f,26.01729,76.35481,0.1111111111,0
658197709807e32264eec062,26.9185516,76.8153677,0.1111111111,0
658197709807e32264eec065,26.81309,77.42796,0.1388888889,0
658197719807e32264eec069,24.58922,73.68941,0.1388888889,0
658197719807e32264eec06c,27.56456,76.61384,0.1666666667,0
658197729807e32264eec06f,28.2881496,74.9642996,0.1666666667,0
658197729807e32264eec072,24.546829,76.169695,0.1944444444,0
658197729807e32264eec075,26.836395,75.835377,0.0833333333,0
658197739807e32264eec078,27.2008024501,73.7311414999,0.0555555556,0
658197739807e32264eec07b,26.97835,75.77397,0.1666666667,0
658197749807e32264eec07e,25.3468185104,72.6335334778,0.1944444444,0
658197749807e32264eec081,26.6158449,76.2795661,0.1388888889,0
658197759807e32264eec084,26.195207,72.999995,0.1666666667,0
658197759807e32264eec087,27.700785,76.197205,0.0277777778,0
658197759807e32264eec08a,27.71888,76.12946,0.1111111111,0
658197769807e32264eec08d,25.152415,75.87794,0.0833333333,0
658197769807e32264eec090,26.09559,74.31888,0.1944444444,0
658197779807e32264eec093,26.9252512,76.8119035,0.0833333333,0
658197779807e32264eec096,28.083607,73.725731,0.0833333333,0
658197779807e32264eec099,25.1498003,75.8590428,0.1111111111,0
658197789807e32264eec09c,24.5881221,73.701388,0.2222222222,0
658197789807e32264eec09f,26.929187,75.822371,0.1388888889,0
658197799807e32264eec0a2,27.5414559,75.7465686,0.1388888889,0
658197799807e32264eec0a5,26.649089,73.490892,0.1111111111,0
6581977a9807e32264eec0a8,26.85706,75.81543,0.1111111111,0
6581977a9807e32264eec0ab,26.73322,77.03161,0.0833333333,0
6581977b9807e32264eec0ae,25.00109,73.47642,0.0555555556,0
6581977b9807e32264eec0b1,27.65703,74.45832,0.1111111111,0
6581977b9807e32264eec0b4,25.20905,75.07601,0.1111111111,0
6581977c9807e32264eec0b7,27.16419,75.72305,0.1388888889,0
6581977d9807e32264eec0be,27.378184,75.9568497,0.1388888889,0
6581977e9807e32264eec0c1,25.445102,75.638165,0.0833333333,0
6581977e9807e32264eec0c4,28.1636949,76.8248164,0.1944444444,0
6581977e9807e32264eec0c7,25.1962563,75.8331042,0.1388888889,0
6581977f9807e32264eec0ca,24.622256,73.659194,0.1944444444,0
6581977f9807e32264eec0cd,26.874059,75.24131,0.0833333333,0
658197809807e32264eec0d0,27.19511,77.45294,0.1388888889,0
658197809807e32264eec0d3,29.62222,74.2904,0.1388888889,0
658197819807e32264eec0d6,24.9505224,75.9412089,0.0833333333,0
658197819807e32264eec0d9,26.918611,75.80432,0.1944444444,0
658197819807e32264eec0dc,27.741374,75.77804,0.1666666667,0
658197829807e32264eec0df,26.912008,75.834967,0.1111111111,0
658197829807e32264eec0e2,25.06498,72.11099,0.1388888889,0
658197839807e32264eec0e5,25.3251308,72.6336408,0.0555555556,0
658197839807e32264eec0e8,25.37173,72.78385,0.1111111111,0
658197849807e32264eec0eb,25.0968219,76.5087851,0.1388888889,0
658197849807e32264eec0ee,26.91577,75.83544,0.1944444444,0
658197849807e32264eec0f1,27.56777,76.60573,0.1666666667,0
658197859807e32264eec0f4,29.6095,74.28899,0.0833333333,0
658197859807e32264eec0f7,24.490088,73.844993,0.0833333333,0
658197869807e32264eec0fa,26.3022765,73.0385032,0.1388888889,0
658197869807e32264eec0fd,25.281776,73.783693,0.1111111111,0
658197869807e32264eec100,24.6094,73.6869,0.1388888889,0
658197879807e32264eec103,26.44878,75.0418,0.0833333333,0
658197879807e32264eec106,27.244294,77.503589,0.0277777778,0
658197889807e32264eec109,26.9191116,75.8494432,0.1944444444,0
658197889807e32264eec10c,26.9168944476,75.817110626,0.1944444444,0
658197899807e32264eec10f,26.10475,74.32084,0.1944444444,0
658197899807e32264eec112,27.30301,74.73048,0.1111111111,0
6581978a9807e32264eec115,27.039541,76.562895,0.1111111111,0
6581978a9807e32264eec118,28.1491888,76.888635,0.1666666667,0
6581978b9807e32264eec11b,26.2867,73.03,0.1944444444,0
6581978b9807e32264eec11e,26.0218980204,76.3503080606,0.1111111111,0
6581978c9807e32264eec121,25.759196,75.375187,0.0555555556,0
6581978c9807e32264eec124,26.5021163,77.0264922,0.1388888889,0
6581978c9807e32264eec127,25.07962,71.15671,0.1388888889,0
6581978d9807e32264eec12a,24.9971466,75.0095555,0.1388888889,0
6581978d9807e32264eec12d,29.46897,74.35295,0.1111111111,0
6581978e9807e32264eec130,27.12413,72.37323,0.1388888889,0
6581978e9807e32264eec133,28.12738,75.40349,0.1388888889,0
6581978f9807e32264eec137,29.903425,74.173008,0.0833333333,0
6581978f9807e32264eec13a,24.667825,76.838767,0.1111111111,0
658197909807e32264eec13d,28.127136,75.403573,0.1666666667,0
658197909807e32264eec140,24.7786302334,71.9528102875,0.1111111111,0
658197919807e32264eec143,25.14278,73.05764,0.0833333333,0
658197919807e32264eec146,24.2613,74.72248,0.1388888889,0
658197929807e32264eec149,27.2827908,71.2373745,0.0833333333,0
658197929807e32264eec14c,26.8624554,75.7925953,0.1111111111,0
658197929807e32264eec14f,27.156078,73.936771,0.1666666667,0
658197939807e32264eec152,29.581815,74.323363,0.1944444444,0
658197939807e32264eec155,24.8636839,76.6773523,0.1944444444,0
658197949807e32264eec158,26.9920275,77.5983681,0.1388888889,0
658197949807e32264eec15c,27.62,75.15,0.0277777778,0
658197959807e32264eec15f,26.89511,75.81302,0.1111111111,0
658197959807e32264eec162,23.46691,74.03032,0.1666666667,0
658197969807e32264eec165,24.63645,73.71005,0.1944444444,0
658197969807e32264eec168,28.0689,75.81671,0.0833333333,0
658197969807e32264eec16b,26.92609,75.80803,0.0555555556,0
658197979807e32264eec16e,25.5438053,75.9817135,0.1666666667,0
658197979807e32264eec171,26.35869,75.94901,0.0833333333,0
658197989807e32264eec174,26.86818,75.75417,0.1944444444,0
658197989807e32264eec178,24.38502,74.70416,0.1944444444,0
658197999807e32264eec17b,26.88566696,75.79922024,0.0833333333,0
6581979a9807e32264eec17f,27.1124567738,77.1562402237,0.1111111111,0
6581979a9807e32264eec182,26.93804,75.80215,0.1111111111,0
6581979a9807e32264eec185,27.0476557174,76.9266424465,0.1111111111,0
6581979b9807e32264eec189,27.0557378,76.4731045,0.1111111111,0
6581979b9807e32264eec18c,28.343976,75.296058,0.0277777778,0
6581979c9807e32264eec18f,25.973308,75.15166,0.1388888889,0
6581979c9807e32264eec192,24.5897618,72.7130451667,0.1388888889,0
6581979d9807e32264eec195,28.7018933,72.5974338,0.1388888889,0
6581979d9807e32264eec198,25.63846,75.19,0.1111111111,0
6581979e9807e32264eec19b,26.557246,74.470149,0.1666666667,0
6581979e9807e32264eec19e,26.48255,74.64552,0.0555555556,0
6581979f9807e32264eec1a1,27.948798,75.227748,0.1388888889,0
6581979f9807e32264eec1a4,28.075568,75.826202,0.0555555556,0
658197a09807e32264eec1a7,27.0311,77.0539,0.0555555556,0
658197a09807e32264eec1ab,29.17467,73.36215,0.2222222222,0
658197a19807e32264eec1ae,24.2854,75.83508,0.1388888889,0
658197a19807e32264eec1b1,27.0169,75.87989,0.1666666667,0
658197a29807e32264eec1b5,24.59258,76.16042,0.0555555556,0
658197a29807e32264eec1b9,26.446122,74.647802,0.1388888889,0
658197a39807e32264eec1bc,23.762,73.4444,0.1388888889,0
658197a39807e32264eec1bf,25.8181281862,72.5771979043,0.0833333333,0
658197a49807e32264eec1c2,26.87395,74.77284,0.1666666667,0
658197a49807e32264eec1c5,26.578845,75.562783,0.0555555556,0
658197a59807e32264eec1c8,25.73584,74.07768,0.0833333333,0
658197a59807e32264eec1cb,26.70082,71.19656,0.0833333333,0
658197a59807e32264eec1ce,27.48145,76.8682,0.1388888889,0
658197a69807e32264eec1d1,26.889071846,75.7517453842,0.1388888889,0
658197a69807e32264eec1d4,26.5469,76.56527,0.1388888889,0
658197a79807e32264eec1d7,25.66323,72.42531,0.1111111111,0
658197a79807e32264eec1da,28.047438,73.204253,0.1111111111,0
658197a89807e32264eec1de,26.490083,74.62024,0.2222222222,0
658197a89807e32264eec1e1,27.5592,76.6211,0.1666666667,0
658197a99807e32264eec1e4,25.56606,75.51057,0.1111111111,0
658197a99807e32264eec1e7,26.9741,73.97074,0.1388888889,0
658197aa9807e32264eec1ea,25.34976,74.68811,0.1111111111,0
658197aa9807e32264eec1ed,24.9372392,76.4315539,0.1111111111,0
658197aa9807e32264eec1f0,26.69935,76.71897,0.1666666667,0
658197ab9807e32264eec1f3,25.002147,76.109087,0.1388888889,0
658197ab9807e32264eec1f6,25.6161803,75.2726512001,0.2222222222,0
658197ac9807e32264eec1f9,26.9461601302,75.7886637972,0.1666666667,0
658197ac9807e32264eec1fc,26.874212,75.691247,0.1666666667,0
658197ad9807e32264eec200,28.03004,75.80765,0.1388888889,0
658197ad9807e32264eec203,28.44364,74.50233,0.0555555556,0
658197ae9807e32264eec206,29.931639,73.871444,0.1944444444,0
658197ae9807e32264eec209,24.58915,73.689146,0.1111111111,0
658197af9807e32264eec20c,25.6382731,75.1900807,0.1388888889,0
658197af9807e32264eec210,26.401219,74.650996,0.1388888889,0
658197b09807e32264eec213,29.61902,73.87554,0.2222222222,0
658197b09807e32264eec216,23.86066,73.85476,0.1111111111,0
658197b09807e32264eec219,26.1,74.32,0.1111111111,0
658197b19807e32264eec21c,23.984616,73.596251,0.1666666667,0
658197b19807e32264eec21f,28.1120387501,76.8321114,0.1388888889,0
658197b29807e32264eec222,26.486042,76.43765,0.1388888889,0
658197b29807e32264eec226,25.52762,73.90483,0.1666666667,0
658197b39807e32264eec229,27.01769,77.16888,0.0555555556,0
658197b39807e32264eec22c,26.39561,74.38074,0.1111111111,0
658197b49807e32264eec22f,25.15683,75.82108,0.1666666667,0
658197b49807e32264eec233,29.0769338,75.3648444,0.0833333333,0
658197b59807e32264eec236,25.74478,70.59283,0.1666666667,0
658197b59807e32264eec239,25.183335167,73.4547160464,0.1388888889,0
658197b69807e32264eec23c,25.88958,76.314462,0.1111111111,0
658197b69807e32264eec23f,24.54234,73.71005,0.0833333333,0
658197b69807e32264eec242,28.097596,73.357389,0.1388888889,0
658197b79807e32264eec245,26.91877,75.8043,0.1944444444,0
658197b89807e32264eec249,25.89826,71.76872,0.0277777778,0
658197b89807e32264eec24d,26.9413414132,75.7912461833,0.1111111111,0
658197b99807e32264eec250,25.14953,73.08259,0.0833333333,0
658197ba9807e32264eec256,27.4038478,74.5678846,0.1111111111,0
658197ba9807e32264eec259,26.29498,76.751131,0.1111111111,0
658197bb9807e32264eec25d,25.4352817535,75.651763916,0.0277777778,0
658197bb9807e32264eec260,27.142,76.56781,0.1666666667,0
658197bc9807e32264eec263,24.586690696,73.697463338,0.1666666667,0
658197bc9807e32264eec266,27.10572,77.41345,0.1944444444,0
658197bd9807e32264eec269,25.1813492817,75.8919440032,0.1388888889,0
658197bd9807e32264eec26c,26.70811,76.71843,0.1944444444,0
658197be9807e32264eec270,26.89323,78.16826,0.1111111111,0
658197be9807e32264eec273,24.7624248728,71.7789199654,0.0833333333,0
658197be9807e32264eec276,26.32796595,73.0408081,0.1666666667,0
658197bf9807e32264eec279,26.01794,73.85133,0.0555555556,0
658197bf9807e32264eec27c,24.47193,76.34347,0.1388888889,0
658197c09807e32264eec280,28.0180698,73.2920756,0.1111111111,0
658197c19807e32264eec283,23.75324,73.8919,0.1111111111,0
658197c19807e32264eec286,24.587828,73.701435,0.0833333333,0
658197c19807e32264eec289,26.02439,75.48556,0.2222222222,0
658197c29807e32264eec28c,26.899292,75.823184,0.0833333333,0
658197c29807e32264eec28f,24.4475595,74.8390926,0.1111111111,0
658197c39807e32264eec292,26.73233,77.89786,0.1388888889,0
658197c39807e32264eec295,27.7005419,76.1998786,0.1944444444,0
658197c49807e32264eec298,26.91396,75.83297,0.1388888889,0
658197c49807e32264eec29b,26.945786,75.731611,0.1111111111,0
658197c59807e32264eec29e,26.9295260743,75.831794191,0.1388888889,0
658197c59807e32264eec2a1,25.743771,75.39497,0.1944444444,0
658197c59807e32264eec2a4,26.783533,75.822611,0.1388888889,0
658197c69807e32264eec2a7,27.592744,76.636664,0.0833333333,0
658197c69807e32264eec2aa,27.15627,73.93677,0.1666666667,0
658197c79807e32264eec2ad,26.72217,75.70075,0.1944444444,0
658197c79807e32264eec2b0,25.191188,75.8454371,0.1111111111,0
658197c89807e32264eec2b4,26.8645959,75.7192297,0.1111111111,0
658197c89807e32264eec2b7,24.572675,73.699594,0.1111111111,0
658197c99807e32264eec2ba,26.455964,74.636452,0.0555555556,0
658197c99807e32264eec2bd,26.565224,76.8872403,0.0833333333,0
658197ca9807e32264eec2c0,24.622561,74.694273,0.0833333333,0
658197ca9807e32264eec2c3,25.4308,75.40505,0.1666666667,0
658197cb9807e32264eec2c7,26.91345,75.20001,0.1111111111,0
658197cb9807e32264eec2ca,24.48507,72.78728,0.0555555556,0
658197cc9807e32264eec2cd,25.18363,73.45431,0.1388888889,0
658197cc9807e32264eec2d0,26.8695273235,76.9895864697,0.1111111111,0
658197cd9807e32264eec2d7,24.8566018,74.0780469,0.1388888889,0
658197ce9807e32264eec2da,24.576203,73.699732,0.1944444444,0
658197ce9807e32264eec2dd,24.37097,75.95524,0.1388888889,0
658197cf9807e32264eec2e0,26.8608627,75.767025,0.1666666667,0
658197d09807e32264eec2e5,24.60875,72.5051,0.1388888889,0
658197d09807e32264eec2e8,26.37861,74.08551,0.0833333333,0
658197d19807e32264eec2eb,28.4868912,73.7323723,0.0555555556,0
658197d19807e32264eec2ef,24.7826,73.74955,0.1666666667,0
658197d29807e32264eec2f2,25.0542823669,75.3387545049,0.1944444444,0
658197d29807e32264eec2f6,23.63969,74.87464,0.0833333333,0
658197d39807e32264eec2f9,26.28929,73.01393,0.1388888889,0
658197d39807e32264eec2fc,27.96913,76.38278,0.0833333333,0
658197d49807e32264eec2ff,26.15458,74.36412,0.1111111111,0
658197d49807e32264eec302,26.6421,77.61749,0.1666666667,0
658197d59807e32264eec306,27.58912,75.4914,0.1666666667,0
658197d59807e32264eec309,24.56022,73.71742,0.1111111111,0
658197d69807e32264eec30c,26.91725,76.81394,0.1111111111,0
658197d69807e32264eec30f,26.82453,75.85425,0.25,0
658197d79807e32264eec312,27.10852,73.23128,0.0833333333,0
658197d79807e32264eec315,28.0111,73.35549,0.1388888889,0
658197d79807e32264eec318,25.1908,75.84582,0.1944444444,0
658197d89807e32264eec31b,25.3445,72.63664,0.1111111111,0
658197d89807e32264eec31e,26.05135,74.76907,0.1666666667,0
658197d99807e32264eec321,23.72991,73.88917,0.1388888889,0
658197d99807e32264eec324,27.717247,75.777301,0.0277777778,0
658197da9807e32264eec327,25.6147422,75.2749179,0.1388888889,0
658197da9807e32264eec32a,29.09658,75.16979,0.0833333333,0
658197db9807e32264eec32d,29.9301,73.8699,0.1388888889,0
658197dc9807e32264eec331,25.09694,76.50883,0.1666666667,0
658197dc9807e32264eec334,26.9483822489,75.7628934449,0.1388888889,0
658197dd9807e32264eec337,24.8876,74.6178,0.1388888889,0
658197dd9807e32264eec33a,27.61315,75.14245,0.1666666667,0
658197dd9807e32264eec33d,26.73239,71.58251,0.1388888889,0
658197de9807e32264eec340,26.46391,74.63007,0.1666666667,0
658197de9807e32264eec343,26.91051,74.59471,0.0555555556,0
658197df9807e32264eec347,23.55469,73.98689,0.1666666667,0
658197e09807e32264eec34a,26.61165,75.03673,0.1111111111,0
658197e09807e32264eec34d,27.27985,74.493729,0.1666666667,0
658197e19807e32264eec350,26.948772,75.763294,0.1111111111,0
658197e19807e32264eec353,26.6588,74.03603,0.1666666667,0
658197e19807e32264eec356,26.24,74.24555,0.1111111111,0
658197e29807e32264eec359,26.86276,75.7927,0.1388888889,0
658197e29807e32264eec35c,26.8983,76.3171,0.0555555556,0
658197e39807e32264eec35f,23.55658,74.445,0.0833333333,0
658197e39807e32264eec362,27.61717,75.15095,0.1111111111,0
658197e49807e32264eec365,27.50573,77.00003,0.1944444444,0
658197e49807e32264eec368,26.10563,74.31229,0.0833333333,0
658197e49807e32264eec36b,26.71052,73.29831,0.1111111111,0
658197e59807e32264eec36e,25.192071,75.85827,0.1111111111,0
658197e59807e32264eec371,25.53844,76.38196,0.1666666667,0
658197e69807e32264eec374,25.92217,74.63038,0.1666666667,0
658197e79807e32264eec378,26.09547,74.318749,0.1666666667,0
658197e79807e32264eec37c,25.9020033,74.6575954,0.1388888889,0
658197e89807e32264eec37f,25.50552,74.2333,0.1666666667,0
658197e89807e32264eec382,25.44949,71.90054,0.0277777778,0
658197e99807e32264eec385,24.912027,73.721192,0.1388888889,0
658197e99807e32264eec388,26.16393,73.99758,0.1666666667,0
658197e99807e32264eec38b,24.4152087,76.5649929,0.1388888889,0
658197ea9807e32264eec38f,26.4727815,76.7275909,0.1111111111,0
658197ea9807e32264eec392,26.55668,76.56396,0.0833333333,0
658197eb9807e32264eec395,27.069919,75.832304,0.1111111111,0
658197eb9807e32264eec398,27.16169,75.86339,0.1111111111,0
658197ec9807e32264eec39b,26.91674,75.81763,0.1111111111,0
658197ec9807e32264eec39e,24.567713,73.691425,0.1666666667,0
658197ed9807e32264eec3a1,26.23493,71.21172,0.1388888889,0
658197ed9807e32264eec3a4,26.90726,77.28966,0.1388888889,0
658197ed9807e32264eec3a7,25.25277,75.02448,0.1666666667,0
658197ee9807e32264eec3aa,26.884774,75.76949,0.1944444444,0
658197ee9807e32264eec3ad,25.12757,75.85573,0.1111111111,0
658197ef9807e32264eec3b0,28.007118,73.319925,0.0555555556,0
658197ef9807e32264eec3b3,26.92547,75.84535,0.1944444444,0
658197f09807e32264eec3b6,26.86457,75.71922,0.1388888889,0
658197f09807e32264eec3b9,25.6043847051,72.88931337,0.1388888889,0
658197f09807e32264eec3bc,26.9494009415,75.7129582242,0.0555555556,0
658197f19807e32264eec3bf,26.80312,75.8442,0.1111111111,0
658197f19807e32264eec3c2,23.5346437671,74.4317257336,0.1111111111,0
658197f29807e32264eec3c5,25.13858,75.92054,0.1944444444,0
658197f29807e32264eec3c8,24.636254,73.709986,0.0833333333,0
658197f39807e32264eec3cb,25.18343,73.45498,0.1111111111,0
658197f39807e32264eec3ce,26.81958,75.79705,0.0555555556,0
658197f39807e32264eec3d1,25.80024,73.32605,0.0555555556,0
658197f49807e32264eec3d5,28.3634,75.60854,0.1666666667,0
658197f59807e32264eec3d8,23.53572,74.42713,0.0833333333,0
658197f59807e32264eec3db,25.12288,76.62633,0.0555555556,0
658197f59807e32264eec3de,27.72693,75.47489,0.1111111111,0
658197f69807e32264eec3e1,27.608,75.1513,0.0833333333,0
658197f69807e32264eec3e4,26.73428,76.15202,0.1111111111,0
658197f79807e32264eec3e7,28.28978,74.95784,0.1388888889,0
658197f89807e32264eec3ea,27.5687,76.59703,0.1666666667,0
658197f89807e32264eec3ed,26.47924,77.01583,0.1388888889,0
658197f89807e32264eec3f0,24.1957,73.7042,0.1666666667,0
658197f99807e32264eec3f4,25.95817,73.14223,0.1388888889,0
658197fa9807e32264eec3f7,28.01277,73.32454,0.1388888889,0
658197fa9807e32264eec3fa,28.24032,75.08795,0.0555555556,0
658197fb9807e32264eec3fe,24.63,73.68332,0.1944444444,0
658197fb9807e32264eec402,26.92998,75.80732,0.1388888889,0
658197fc9807e32264eec406,26.43138,74.63726,0.1666666667,0
658197fd9807e32264eec409,25.90107,74.63192,0.0833333333,0
658197fd9807e32264eec40c,28.87943,74.05494,0.1388888889,0
658197fd9807e32264eec40f,28.10431,75.38363,0.1388888889,0
658197fe9807e32264eec412,27.1234,74.8458,0.1111111111,0
658197fe9807e32264eec415,29.91189,73.87697,0.1111111111,0
658197ff9807e32264eec41b,26.911919,75.83514,0.1666666667,0
658198009807e32264eec41e,26.32532,76.63454,0.1111111111,0
658198009807e32264eec421,26.7738952501,72.3257567498,0.0833333333,0
658198019807e32264eec424,26.94557,75.78859,0.1388888889,0
658198019807e32264eec427,24.27086,76.43463,0.1388888889,0
658198029807e32264eec42a,27.76143,74.18078,0.1388888889,0
658198029807e32264eec42d,26.92447,71.91777,0.1111111111,0
658198039807e32264eec431,24.61889,72.52875,0.1666666667,0
658198039807e32264eec434,27.21578,77.20128,0.1666666667,0
658198049807e32264eec437,27.685904,74.458994,0.1111111111,0
658198049807e32264eec43a,25.48059,71.0725,0.1111111111,0
658198049807e32264eec43d,26.99237,71.30936,0.1388888889,0
658198059807e32264eec440,26.9186984,75.789691975,0.1111111111,0
658198059807e32264eec443,25.8424,73.48795,0.1111111111,0
658198069807e32264eec446,29.07726,75.36493,0.0555555556,0
658198069807e32264eec449,25.44596,75.6317,0.1111111111,0
658198079807e32264eec44c,26.590323,74.871734,0.1388888889,0
658198079807e32264eec44f,27.8495224302,75.2672201036,0.0833333333,0
658198089807e32264eec453,26.91656,75.80105,0.1111111111,0
658198089807e32264eec456,26.45927,74.64375,0.1944444444,0
658198099807e32264eec459,29.1926844,73.2097527125,0.0833333333,0
658198099807e32264eec45c,26.88968,75.81063,0.0833333333,0
658198099807e32264eec45f,23.56214,73.9852,0.1111111111,0
6581980a9807e32264eec462,26.90021,75.79756,0.0555555556,0
6581980a9807e32264eec465,27.16437,75.72316,0.0555555556,0
6581980b9807e32264eec468,28.28981,74.95748,0.1388888889,0
6581980b9807e32264eec46b,24.26108,74.7226,0.1388888889,0
6581980c9807e32264eec46e,25.681205,76.472214,0.1111111111,0
6581980c9807e32264eec471,26.18276,76.97262,0.1111111111,0
6581980c9807e32264eec474,24.108022,74.445327,0,0
6581980d9807e32264eec478,27.51371,76.68597,0.1944444444,0
6581980e9807e32264eec47b,26.1057,74.31233,0.1388888889,0
6581980e9807e32264eec47e,24.55823,72.39282,0.1944444444,0
6581980e9807e32264eec481,24.61548,73.72499,0,0
6581980f9807e32264eec485,23.84949,73.71254,0.0833333333,0
6581980f9807e32264eec488,27.2004,73.7241,0.1388888889,0
658198109807e32264eec48b,25.80996,73.04787,0.0833333333,0
658198109807e32264eec48e,27.99897,76.45324,0.1388888889,0
658198119807e32264eec491,23.8675,73.6957,0.1666666667,0
658198119807e32264eec495,24.13028,74.0398,0.0833333333,0
658198129807e32264eec498,25.71586,73.94615,0.0555555556,0
658198129807e32264eec49b,25.143393,75.842291,0.1666666667,0
658198139807e32264eec49e,24.64815,73.83631,0.0555555556,0
658198139807e32264eec4a1,25.05659,73.90039,0.0555555556,0
658198149807e32264eec4a4,24.427832,74.27116,0.1111111111,0
658198149807e32264eec4a7,26.872236,75.951719,0.0833333333,0
658198159807e32264eec4ab,26.818337,75.817945,0.1111111111,0
658198159807e32264eec4ae,24.41389,74.47142,0.1666666667,0
658198169807e32264eec4b1,24.645997,72.922012,0.0833333333,0
658198169807e32264eec4b4,24.040972,74.09067,0.1111111111,0
658198169807e32264eec4b7,27.54084,75.747,0.0555555556,0
658198179807e32264eec4ba,26.5789,75.5627,0.1388888889,0
658198179807e32264eec4bd,27.03409,74.7402,0.0833333333,0
658198189807e32264eec4c1,25.3445,74.63271,0.0833333333,0
658198189807e32264eec4c4,25.1814,75.89144,0.0833333333,0
658198199807e32264eec4c7,25.1336,74.20533,0.1944444444,0
658198199807e32264eec4ca,24.58852,76.16694,0.1388888889,0
6581981a9807e32264eec4cd,28.031152,76.71747,0.1666666667,0
6581981a9807e32264eec4d0,26.97051,75.76503,0.1111111111,0
6581981a9807e32264eec4d3,25.41793,71.3505,0.1111111111,0
6581981b9807e32264eec4d6,23.82861,75.5916,0.1388888889,0
6581981b9807e32264eec4d9,26.34815,76.89901,0.0833333333,0
6581981c9807e32264eec4dc,26.27473,73.00129,0.1111111111,0
6581981c9807e32264eec4df,26.81649,77.91699,0.1666666667,0
6581981d9807e32264eec4e2,29.58192,74.32337,0.0555555556,0
6581981d9807e32264eec4e5,26.97039,75.76465,0.1388888889,0
6581981d9807e32264eec4e8,24.88728,74.6374,0.0833333333,0
6581981e9807e32264eec4eb,27.59974,76.61516,0.1388888889,0
6581981e9807e32264eec4ee,27.40242,74.92551,0.1111111111,0
6581981f9807e32264eec4f1,25.75149,71.41088,0.0833333333,0
6581981f9807e32264eec4f4,24.92622,72.68295,0.1388888889,0
658198209807e32264eec4f7,25.7669,71.4051,0.0833333333,0
658198219807e32264eec4fe,25.73627,71.40483,0.0833333333,0
658198219807e32264eec501,26.05116,74.76903,0.1111111111,0
658198229807e32264eec504,26.20498,75.04083,0.1388888889,0
658198229807e32264eec507,27.30972,75.95193,0.0833333333,0
658198239807e32264eec50a,25.14594,75.11581,0.0833333333,0
658198239807e32264eec50e,25.40514,76.06921,0.1111111111,0
658198249807e32264eec511,26.3618697,74.1607781,0.0555555556,0
658198259807e32264eec517,26.80969,74.5902,0.0833333333,0
658198259807e32264eec51a,28.06581,74.6069,0.1666666667,0
658198269807e32264eec51d,27.55768,76.61462,0.1388888889,0
658198269807e32264eec520,26.29885,73.01113,0.0833333333,0
658198279807e32264eec523,26.7325,77.0324,0.0833333333,0
658198279807e32264eec526,27.56782,76.60559,0.0833333333,0
658198279807e32264eec529,25.15742,75.82717,0.1388888889,0
658198289807e32264eec52c,28.03114,76.71727,0.0833333333,0
658198289807e32264eec52f,26.17489,75.78829,0.1388888889,0
658198299807e32264eec532,23.833,73.71337,0.1666666667,0
658198299807e32264eec535,26.91504,70.90829,0.1111111111,0
6581982a9807e32264eec538,24.2412,73.94998,0.1111111111,0
6581982a9807e32264eec53b,28.02173,73.31348,0.1388888889,0
6581982b9807e32264eec53f,26.60575,75.94588,0.1111111111,0
6581982b9807e32264eec542,25.82862,72.2473,0.1111111111,0
6581982c9807e32264eec545,25.1509079,76.3001794001,0.1388888889,0
6581982c9807e32264eec548,28.9592626047,74.5698952675,0.1388888889,0
6581982d9807e32264eec54b,26.96305,76.57855,0.1111111111,0
6581982d9807e32264eec54f,26.92058,75.78958,0.1388888889,0
6581982e9807e32264eec552,26.23321,71.21305,0.0555555556,0
6581982e9807e32264eec555,26.77418,72.32568,0.1111111111,0
6581982f9807e32264eec558,25.3546835838,74.6245483578,0.1111111111,0
6581982f9807e32264eec55b,26.8333,70.5167,0.0833333333,0
6581982f9807e32264eec55e,29.52099,73.57747,0.1666666667,0
658198309807e32264eec561,28.1639,76.82417,0.0833333333,0
658198309807e32264eec564,26.80684,77.14556,0.1388888889,0
658198319807e32264eec567,28.07085,75.81707,0.2222222222,0
658198319807e32264eec56a,28.203,76.84529,0.1388888889,0
658198329807e32264eec56d,25.90185,74.68647,0.1666666667,0
658198329807e32264eec570,26.8155,77.0139,0.0833333333,0
658198329807e32264eec573,28.08758,74.01222,0.0833333333,0
658198339807e32264eec576,25.06823,73.86856,0.1666666667,0
658198339807e32264eec579,26.431241,74.637294,0.1944444444,0
658198349807e32264eec57c,24.92645,72.6832,0.1111111111,0
658198349807e32264eec57f,26.095633,74.318836,0.1666666667,0
658198349807e32264eec582,26.07215,74.11272,0.1944444444,0
658198359807e32264eec585,29.450956,74.520795,0.0833333333,0
658198359807e32264eec588,27.68233,75.19252,0.1388888889,0
658198369807e32264eec58d,26.8695703,75.8638333,0.1388888889,0
658198379807e32264eec591,27.75853,76.52259,0.0555555556,0
658198379807e32264eec594,25.34116,74.63212,0.0833333333,0
658198389807e32264eec597,27.84905,72.96406,0.0555555556,0
658198389807e32264eec59b,27.59305,76.63644,0.1944444444,0
658198399807e32264eec5a1,28.78436,73.84714,0.1666666667,0
6581983a9807e32264eec5a4,28.02319,73.31198,0.1944444444,0
6581983a9807e32264eec5a7,26.70754,76.53783,0.1388888889,0
6581983b9807e32264eec5aa,26.89936,75.2741,0.0833333333,0
6581983b9807e32264eec5ad,23.20235,74.44316,0.2222222222,0
6581983b9807e32264eec5b0,25.32521,72.63401,0.1388888889,0
6581983c9807e32264eec5b3,26.27609,73.00888,0.1388888889,0
6581983c9807e32264eec5b6,23.5323593,74.4302027,0.1666666667,0
6581983d9807e32264eec5b9,26.47438,73.79765,0.1111111111,0
6581983d9807e32264eec5bc,27.85021,75.26739,0.1111111111,0
6581983e9807e32264eec5bf,24.00051,73.76016,0.1388888889,0
6581983e9807e32264eec5c2,23.796,74.1613,0.0555555556,0
6581983f9807e32264eec5c6,24.59433,76.16306,0.1666666667,0
658198409807e32264eec5cb,25.42601,73.69373,0.0833333333,0
658198409807e32264eec5ce,26.97495,75.39041,0.1111111111,0
658198419807e32264eec5d2,25.1793,75.83654,0.1111111111,0
658198419807e32264eec5d5,24.99784,75.01347,0.1111111111,0
658198429807e32264eec5d8,27.00655,75.708,0.1666666667,0
658198429807e32264eec5db,25.09121,75.51901,0.0833333333,0
658198429807e32264eec5de,25.77144,73.3282,0.0833333333,0
658198439807e32264eec5e1,25.07634,76.51008,0.1944444444,0
658198439807e32264eec5e4,28.20584,76.86634,0.1111111111,0
658198449807e32264eec5e7,26.89995,78.17085,0.2222222222,0
658198449807e32264eec5ea,26.70531,77.86435,0.0555555556,0
658198459807e32264eec5ed,28.18205,75.49382,0,0
658198459807e32264eec5f1,27.7947845501,75.978291955,0.1388888889,0
658198469807e32264eec5f4,27.098329,75.087304,0.1388888889,0
658198469807e32264eec5f7,26.84952733,75.80898151,0.1111111111,0
658198479807e32264eec5fa,29.32771,73.875064,0.1944444444,0
658198479807e32264eec5fd,27.14344,74.85748,0.1388888889,0
658198479807e32264eec600,27.599533,76.61601,0.1388888889,0
658198489807e32264eec603,28.005139,73.308703,0.0833333333,0
658198489807e32264eec606,26.8207639,75.7942902,0.0833333333,0
658198499807e32264eec609,25.37856,72.44097,0.0833333333,0
658198499807e32264eec60c,26.94013,75.84559,0.1666666667,0
6581984a9807e32264eec60f,26.98478,75.77343,0.0833333333,0
6581984a9807e32264eec612,26.01755,75.91162,0.1388888889,0
6581984a9807e32264eec615,27.25267,76.1643,0.1111111111,0
6581984b9807e32264eec618,26.5366,74.31069,0.1666666667,0
6581984b9807e32264eec61b,25.97359,75.1516,0.1666666667,0
6581984c9807e32264eec61e,25.56298,71.91841,0.1388888889,0
6581984c9807e32264eec621,28.382101,75.781941,0.0833333333,0
6581984c9807e32264eec624,26.052865,76.147395,0.1111111111,0
6581984d9807e32264eec627,27.53358,77.12214,0.1666666667,0
6581984d9807e32264eec62a,27.6964478,74.4683608,0.1388888889,0
6581984e9807e32264eec62d,28.63482,75.38811,0.1111111111,0
6581984e9807e32264eec631,27.36575,75.07881,0.2222222222,0
6581984f9807e32264eec634,27.13829,76.56495,0.0833333333,0
6581984f9807e32264eec637,26.89964,75.1712,0,0
658198509807e32264eec63c,26.27225,73.03726,0.1388888889,0
658198519807e32264eec641,25.18082,75.83674,0.1111111111,0
658198519807e32264eec644,26.4704,76.7853,0.1666666667,0
658198529807e32264eec647,26.4829,76.734,0.1111111111,0
658198529807e32264eec64a,25.67491,76.20152,0.0833333333,0
658198539807e32264eec64d,28.20442,75.87705,0.1666666667,0
658198539807e32264eec650,29.84634,74.03217,0.1111111111,0
658198539807e32264eec653,26.64301,71.87834,0.0833333333,0
658198549807e32264eec657,26.65064,74.04402,0.1944444444,0
658198549807e32264eec65a,24.58159,73.68221,0.0833333333,0
658198559807e32264eec65d,25.37174,72.78413,0.1388888889,0
658198559807e32264eec660,27.06994,75.83169,0.0833333333,0
658198569807e32264eec663,24.9304,75.5905,0.1388888889,0
658198569807e32264eec666,25.168892,75.834399,0.1111111111,0
658198579807e32264eec669,25.9236,73.66573,0.0833333333,0
658198579807e32264eec66c,26.61237,74.26407,0.1944444444,0
658198589807e32264eec671,24.58919,73.68948,0.1388888889,0
658198589807e32264eec675,24.36173,76.17956,0.1111111111,0
658198599807e32264eec678,24.10804,74.44522,0.1111111111,0
658198599807e32264eec67b,26.70552,77.67399,0.1388888889,0
6581985a9807e32264eec67f,27.20654,77.03778,0.1666666667,0
6581985a9807e32264eec682,23.83379,73.71182,0.1111111111,0
6581985b9807e32264eec685,25.19422,75.85377,0.0555555556,0
6581985b9807e32264eec688,27.05375,74.84483,0.1388888889,0
6581985c9807e32264eec68c,26.8303,70.50711,0.0833333333,0
6581985d9807e32264eec68f,25.39098,76.24705,0.0555555556,0
6581985d9807e32264eec693,25.1332756375,75.8356456875,0.1388888889,0
6581985e9807e32264eec696,26.5629495448,76.329094623,0.0833333333,0
6581985e9807e32264eec699,26.93214,75.81772,0.1944444444,0
6581985f9807e32264eec69c,26.37855,74.0855,0.0555555556,0
6581985f9807e32264eec69f,24.88556,72.860828,0.0555555556,0
658198609807e32264eec6a2,26.08952,76.87302,0.1111111111,0
658198609807e32264eec6a5,27.56771,75.15689,0.0555555556,0
658198619807e32264eec6a8,25.66997,76.19227,0.1111111111,0
658198619807e32264eec6ab,25.0665,73.87091,0.0833333333,0
658198619807e32264eec6ae,28.0087,73.3243,0.1111111111,0
658198629807e32264eec6b1,24.49356,74.13653,0.1111111111,0
658198629807e32264eec6b4,26.8680906,75.7541868,0.1111111111,0
658198639807e32264eec6b8,25.24351,75.03877,0.0833333333,0
658198639807e32264eec6bb,25.11858,75.83625,0.1388888889,0
658198649807e32264eec6bf,26.923000584,75.8274052,0.1388888889,0
658198659807e32264eec6c3,25.10623,74.89494,0.1111111111,0
658198659807e32264eec6c6,26.1673134795,75.7863661314,0.0277777778,0
658198659807e32264eec6c9,27.46546,77.30695,0.0833333333,0
658198669807e32264eec6cc,23.8185,74.568,0.1944444444,0
658198669807e32264eec6cf,24.05265,74.78873,0.25,0
658198679807e32264eec6d2,25.18607,75.8676,0.1944444444,0
658198679807e32264eec6d5,27.52639,76.74454,0.1388888889,0
658198689807e32264eec6d9,26.1048,74.321,0.0833333333,0
658198689807e32264eec6dc,26.71015,75.89359,0.0833333333,0
658198699807e32264eec6df,28.11906,75.39043,0.1111111111,0
658198699807e32264eec6e2,23.51385,74.71545,0.1388888889,0
6581986a9807e32264eec6e8,25.89818,71.76828,0.0833333333,0
6581986b9807e32264eec6eb,25.89635,75.58444,0.1666666667,0
6581986b9807e32264eec6ef,25.1264672,75.9690496,0.1111111111,0
6581986c9807e32264eec6f2,25.89802,71.76795,0.1388888889,0
6581986c9807e32264eec6f5,25.12372,75.97482,0.1666666667,0
6581986c9807e32264eec6f8,26.02391,76.69801,0.0833333333,0
6581986d9807e32264eec6fb,25.96465,76.08691,0.0833333333,0
6581986d9807e32264eec6fe,26.92626,75.80952,0.1111111111,0
6581986e9807e32264eec701,25.67429,73.45707,0.0833333333,0
6581986e9807e32264eec704,26.876177834,75.801553333,0.1388888889,0
6581986f9807e32264eec707,25.9192203361,76.021761252,0.0555555556,0
6581986f9807e32264eec70a,25.44679,75.38988,0.1666666667,0
658198709807e32264eec70e,24.93909,76.29627,0.0555555556,0
658198709807e32264eec711,26.9851,72.58981,0.1944444444,0
658198709807e32264eec714,27.5404881312,76.6092072563,0.0833333333,0
658198719807e32264eec717,24.524116,73.105961,0.1388888889,0
658198719807e32264eec71a,27.65529,77.27542,0.1666666667,0
658198729807e32264eec71e,25.14433,73.52193,0.1666666667,0
658198729807e32264eec721,26.96508,75.7763,0.1944444444,0
658198739807e32264eec724,29.19942,73.28804,0.1666666667,0
658198739807e32264eec727,29.19586,73.20303,0.1666666667,0
658198749807e32264eec72a,26.6974,77.8996,0.1666666667,0
658198749807e32264eec72e,24.78009,72.28715,0.0833333333,0
658198759807e32264eec731,26.23003,73.00777,0.1111111111,0
658198759807e32264eec734,27.72529,75.48708,0.1111111111,0
658198769807e32264eec737,25.658,72.42377,0.1111111111,0
658198769807e32264eec73a,24.79175,73.04492,0.0833333333,0
658198779807e32264eec73d,26.727061,77.0294882,0.0833333333,0
658198779807e32264eec740,23.533862,74.429978,0.1388888889,0
658198779807e32264eec743,26.8915,75.83189,0.1388888889,0
658198789807e32264eec746,25.20169,75.85718,0.1666666667,0
658198789807e32264eec749,25.55279,76.22081,0.0833333333,0
658198799807e32264eec74c,26.88542,75.79892,0.1666666667,0
658198799807e32264eec74f,25.34936,74.63216,0.0833333333,0
6581987a9807e32264eec752,26.45873,73.11055,0.1111111111,0
6581987a9807e32264eec755,27.56274,76.61827,0.1388888889,0
6581987a9807e32264eec758,24.54647,76.16969,0.1388888889,0
6581987b9807e32264eec75b,27.93034,76.85704,0.0277777778,0
6581987c9807e32264eec761,26.86958,75.86409,0.1666666667,0
6581987c9807e32264eec764,26.89106,75.77239,0.1111111111,0
6581987d9807e32264eec767,26.84388,75.82371,0.0555555556,0
6581987e9807e32264eec76c,27.58337,76.80947,0.1388888889,0
6581987e9807e32264eec76f,27.62762,76.11437,0.0555555556,0
6581987e9807e32264eec772,26.88384,75.92922,0.0833333333,0
6581987f9807e32264eec775,26.81367,77.42742,0.1111111111,0
6581987f9807e32264eec778,26.16784,72.51439,0.1111111111,0
658198809807e32264eec77b,26.91307,70.91475,0.1111111111,0
658198809807e32264eec77e,27.05146,76.28129,0.1666666667,0
658198819807e32264eec782,26.9748,73.40969,0.1388888889,0
658198819807e32264eec785,26.973185,75.7691812,0.0833333333,0
658198829807e32264eec788,26.81151,75.78132,0.1111111111,0
658198829807e32264eec78b,27.51015,75.33489,0.1111111111,0
658198839807e32264eec78f,25.3182,73.00179,0.1388888889,0
658198839807e32264eec792,24.5261,72.79485,0.1944444444,0
658198849807e32264eec797,27.12099,74.84501,0.1944444444,0
658198859807e32264eec79a,24.57829,73.69256,0.1388888889,0
658198859807e32264eec79d,26.5295,71.17147,0.1388888889,0
658198859807e32264eec7a0,24.00053,73.75996,0.1666666667,0
658198869807e32264eec7a3,25.19558,73.38522,0.1944444444,0
658198869807e32264eec7a6,25.92607,76.01742,0.1388888889,0
658198879807e32264eec7a9,25.54686,73.87535,0.0555555556,0
658198879807e32264eec7ac,26.91036,75.83395,0.1388888889,0
658198889807e32264eec7af,26.93722,75.78539,0.1666666667,0
658198889807e32264eec7b2,24.7506971816,72.2055610276,0.0833333333,0
658198899807e32264eec7b5,26.504391,76.552098,0.1388888889,0
658198899807e32264eec7b9,27.21033,77.51284,0.1944444444,0
6581988a9807e32264eec7bc,24.51309,74.32347,0.1388888889,0
6581988a9807e32264eec7bf,27.11507615,77.15649107,0.0833333333,0
6581988b9807e32264eec7c2,26.30307,77.23646,0.1666666667,0
6581988b9807e32264eec7c6,24.51595,72.66173,0.1666666667,0
6581988c9807e32264eec7c9,27.714814,75.778801,0.1666666667,0
6581988d9807e32264eec7cc,26.022,76.3512,0.1666666667,0
6581988d9807e32264eec7cf,27.22128,74.1928,0.1666666667,0
6581988d9807e32264eec7d2,26.21083,73.69703,0.0555555556,0
6581988e9807e32264eec7d6,25.1947,75.85217,0.0555555556,0
6581988f9807e32264eec7d9,25.84647,73.19712,0.0833333333,0
6581988f9807e32264eec7dc,24.5885,76.16686,0.1944444444,0
6581988f9807e32264eec7df,26.47291,76.71164,0.1111111111,0
658198909807e32264eec7e2,24.5128,74.32325,0.0833333333,0
658198909807e32264eec7e5,27.56789,76.60543,0.1111111111,0
658198919807e32264eec7e8,24.3752068,74.6226312,0.1944444444,0
658198919807e32264eec7ec,26.89914,76.32886,0.0555555556,0
658198929807e32264eec7f0,27.39937,74.57312,0.1111111111,0
658198939807e32264eec7f3,26.9285931,75.7881075,0.0833333333,0
658198939807e32264eec7f6,26.98809,75.8579,0.0555555556,0
658198939807e32264eec7f9,26.18072,75.79661,0.0833333333,0
658198949807e32264eec7fc,24.57376,73.68649,0.0833333333,0
658198949807e32264eec7ff,26.8899025969,75.7510926399,0.0833333333,0
658198959807e32264eec803,25.67043,73.80871,0.1666666667,0
658198969807e32264eec806,27.36844,70.49904,0.0555555556,0
658198969807e32264eec809,26.860488,75.766776,0.1111111111,0
658198969807e32264eec80c,24.79024,73.03336,0.0833333333,0
658198979807e32264eec80f,26.9590232006,76.6825899004,0.0555555556,0
658198979807e32264eec812,28.66908,75.0399,0.1388888889,0
658198989807e32264eec815,25.80289987,74.61542938,0.0833333333,0
658198989807e32264eec818,26.848714,75.808854,0.1111111111,0
658198999807e32264eec81b,26.91354,75.79868,0.1388888889,0
658198999807e32264eec81f,24.775452,76.728488,0.1388888889,0
6581989a9807e32264eec822,26.87228,75.952,0.1944444444,0
6581989b9807e32264eec826,26.81595,77.74835,0.1666666667,0
6581989b9807e32264eec829,26.1762486567,75.783536645,0.1388888889,0
6581989c9807e32264eec82d,24.89918,74.62538,0.0555555556,0
6581989c9807e32264eec830,25.4359085,75.6533435,0.1111111111,0
6581989c9807e32264eec833,27.17348,75.728102,0.1944444444,0
6581989d9807e32264eec836,27.01907,75.00533,0.1111111111,0
6581989d9807e32264eec839,26.71062,73.29797,0.0555555556,0
6581989e9807e32264eec83c,25.23129,74.42751,0.1388888889,0
6581989e9807e32264eec83f,25.95463,70.78507,0.0833333333,0
6581989f9807e32264eec842,24.41284,75.83841,0.0555555556,0
6581989f9807e32264eec845,25.09914,76.51037,0.1666666667,0
6581989f9807e32264eec848,25.32486,72.35754,0.1111111111,0
658198a09807e32264eec84b,25.175335,75.83577833,0.1666666667,0
658198a09807e32264eec84e,29.3163,73.90415,0.1388888889,0
658198a19807e32264eec851,27.0166,77.16934,0.1666666667,0
658198a19807e32264eec854,23.667423,74.0238487,0.1944444444,0
658198a19807e32264eec857,24.88502,74.62335,0.1666666667,0
658198a29807e32264eec85a,25.56154,73.42309,0.0833333333,0
658198a29807e32264eec85d,28.18384,76.026858,0.0833333333,0
658198a39807e32264eec860,29.624,74.28977,0.1111111111,0
658198a39807e32264eec863,26.92324,76.34433,0.0833333333,0
658198a49807e32264eec867,26.73315,77.03167,0.1111111111,0
658198a49807e32264eec86a,27.5597894706,76.5975325598,0.1111111111,0
658198a59807e32264eec86e,25.76703,71.41558,0.1666666667,0
658198a59807e32264eec871,28.23229,75.649545,0.0833333333,0
658198a69807e32264eec874,28.206919,76.806878,0.1388888889,0
658198a69807e32264eec877,26.0717839,74.1122812,0.1944444444,0
658198a79807e32264eec87a,25.100692,76.515154,0.1666666667,0
658198a79807e32264eec87d,27.1779,76.73869,0.1666666667,0
658198a89807e32264eec880,25.34451,74.64144,0.0277777778,0
658198a89807e32264eec883,25.054304,75.840011,0.0833333333,0
658198a89807e32264eec886,25.69284,73.97142,0.1944444444,0
658198a99807e32264eec88a,26.918697,75.804185,0.1111111111,0
658198a99807e32264eec88d,27.50387,74.64454,0.1388888889,0
658198aa9807e32264eec890,26.21391,76.61912,0.1388888889,0
658198aa9807e32264eec893,26.01326,76.3407,0.1111111111,0
658198ab9807e32264eec896,24.61003,72.50909,0.1666666667,0
658198ab9807e32264eec899,27.12367,75.75601,0.0833333333,0
658198ac9807e32264eec89c,26.87524,75.81731,0.1111111111,0
658198ac9807e32264eec89f,25.72993,76.19302,0.0833333333,0
658198ac9807e32264eec8a2,24.52934,73.68021,0.1944444444,0
658198ad9807e32264eec8a5,27.254731,76.594735,0.0833333333,0
658198ad9807e32264eec8a8,26.18119,72.92964,0.2222222222,0
658198ae9807e32264eec8ab,25.191581,75.83045,0.0833333333,0
658198ae9807e32264eec8af,23.7305,73.8937,0.0833333333,0
658198af9807e32264eec8b2,26.4556533,74.6365825,0.0555555556,0
658198af9807e32264eec8b5,24.79251,73.04647,0.1944444444,0
658198b09807e32264eec8b8,24.40985,75.8511,0.1111111111,0
658198b09807e32264eec8bb,27.60074,75.14129,0.1388888889,0
658198b09807e32264eec8be,26.81145,75.78132,0.1111111111,0
658198b19807e32264eec8c1,25.75557,71.39848,0.0277777778,0
658198b29807e32264eec8c5,26.89067,74.32991,0.1111111111,0
658198b29807e32264eec8c8,28.02141,73.28111,0.1388888889,0
658198b29807e32264eec8cb,26.57397,76.90081,0.0833333333,0
658198b39807e32264eec8ce,27.48151,76.86835,0.1944444444,0
658198b39807e32264eec8d1,26.91028,75.18974,0.0833333333,0
658198b49807e32264eec8d4,27.21572,75.81683,0.1388888889,0
658198b49807e32264eec8d7,26.5016,77.0268,0.1944444444,0
658198b59807e32264eec8da,27.55503,76.64019,0.1111111111,0
658198b59807e32264eec8dd,25.72658,70.88081,0.1111111111,0
658198b69807e32264eec8e0,27.04717,76.92646,0.0833333333,0
658198b69807e32264eec8e3,25.35573,72.61096,0.1666666667,0
658198b79807e32264eec8e6,26.72956,76.05652,0.1666666667,0
658198b79807e32264eec8e9,24.53652,72.79551,0.0833333333,0
658198b89807e32264eec8ed,27.21202,77.51243,0.1666666667,0
658198b89807e32264eec8f0,24.88858,74.31311,0.1666666667,0
658198b99807e32264eec8f3,24.92585,73.11134,0.1944444444,0
658198b99807e32264eec8f6,26.91578,77.29493,0.1666666667,0
658198ba9807e32264eec8f9,25.50486,74.2359,0.1111111111,0
658198ba9807e32264eec8fc,26.71721,75.09328,0.1111111111,0
658198ba9807e32264eec8ff,24.47223,76.34378,0.0833333333,0
658198bb9807e32264eec902,26.86916,75.69102,0.1111111111,0
658198bb9807e32264eec905,28.98309,73.06175,0.0833333333,0
658198bc9807e32264eec908,25.91406,75.45881,0.1111111111,0
658198bc9807e32264eec90b,27.14568,75.37907,0.1666666667,0
658198bd9807e32264eec90f,26.50345,77.0236,0.1388888889,0
658198bd9807e32264eec912,25.74413,73.33651,0.1111111111,0
658198be9807e32264eec915,24.52632,72.79491,0.0555555556,0
658198be9807e32264eec919,25.3444,74.6327,0.1388888889,0
658198bf9807e32264eec91c,23.9575145002,74.0804743498,0.0833333333,0
658198bf9807e32264eec91f,27.65246,77.27397,0.0555555556,0
658198c09807e32264eec922,27.33205,77.05244,0.1111111111,0
658198c09807e32264eec926,26.5733,76.90252,0.1944444444,0
658198c19807e32264eec92a,28.385928,73.888795,0.0833333333,0
658198c19807e32264eec92d,27.38066,75.95921,0.1388888889,0
658198c29807e32264eec930,27.73992,75.80798,0.1111111111,0
658198c29807e32264eec933,25.1060172217,74.8939712439,0.0555555556,0
658198c39807e32264eec937,27.250148,75.651793,0.1111111111,0
658198c39807e32264eec93a,27.32838,77.05793,0.1944444444,0
658198c49807e32264eec93d,24.937352,76.430448,0.1666666667,0
658198c49807e32264eec940,26.87386,75.2415,0.1111111111,0
658198c59807e32264eec943,25.1534484,76.2986769,0.1944444444,0
658198c59807e32264eec946,26.25104,73.01479,0.1666666667,0
658198c59807e32264eec949,26.919066,75.849231,0.1388888889,0
658198c69807e32264eec94c,28.3628618,75.6079825,0.1111111111,0
658198c69807e32264eec94f,26.84905875,75.77025875,0.2222222222,0
658198c79807e32264eec952,27.78847,72.80299,0.1111111111,0
658198c79807e32264eec955,27.64202,74.40848,0.1111111111,0
658198c89807e32264eec958,27.78005,77.21233,0.0833333333,0
658198c89807e32264eec95b,27.563532,76.602056,0.0833333333,0
658198c89807e32264eec95e,25.75283,71.4245,0.1111111111,0
658198c99807e32264eec961,24.889262999,74.615966325,0.1388888889,0
658198c99807e32264eec964,24.5816787968,73.6854486733,0.1666666667,0
658198ca9807e32264eec967,26.896989,75.732949,0.0555555556,0
658198ca9807e32264eec96a,26.75649,76.33466,0.1666666667,0
658198cb9807e32264eec96d,26.09793,73.95872,0.1666666667,0
658198cb9807e32264eec970,24.56,73.71726,0.0555555556,0
658198cb9807e32264eec973,24.8593,74.60904,0.1666666667,0
658198cc9807e32264eec976,27.0081764,71.9215329,0.1111111111,0
658198cc9807e32264eec979,27.03567,71.52483,0.1944444444,0
658198cd9807e32264eec97c,23.93485,75.83553,0.1111111111,0
658198cd9807e32264eec97f,25.35001,74.68838,0.1666666667,0
658198ce9807e32264eec982,25.3445,72.63722,0.1944444444,0
658198ce9807e32264eec985,25.05105,74.62537,0.0833333333,0
658198ce9807e32264eec988,26.8914265,75.83193605,0.0833333333,0
658198cf9807e32264eec98b,26.79558,75.19296,0.1111111111,0
658198cf9807e32264eec98e,27.23392,77.52503,0.0833333333,0
658198d09807e32264eec991,25.19177,75.82993,0.1111111111,0
658198d09807e32264eec994,27.21215,77.51224,0.1111111111,0
658198d19807e32264eec997,25.79655,73.30369,0.1388888889,0
658198d19807e32264eec99a,27.56289,76.61836,0.1666666667,0
658198d29807e32264eec99d,25.40678,73.6586,0.1666666667,0
658198d29807e32264eec9a0,24.02776,74.78936,0.1666666667,0
658198d29807e32264eec9a3,25.51774,76.17794,0.1111111111,0
658198d39807e32264eec9a6,25.56577,75.51025,0.1111111111,0
658198d39807e32264eec9a9,24.38531,74.70407,0.1388888889,0
658198d49807e32264eec9ac,27.14003,75.96202,0.0833333333,0
658198d49807e32264eec9af,26.97445455,75.390539,0.1944444444,0
658198d59807e32264eec9b2,24.57894,76.22781,0.1111111111,0
658198d59807e32264eec9b5,24.62503,73.86632,0.1944444444,0
658198d69807e32264eec9b8,26.89331,78.16831,0.1111111111,0
658198d69807e32264eec9bb,26.98716,73.97072,0.1666666667,0
658198d69807e32264eec9be,25.06254,73.91221,0.1388888889,0
658198d79807e32264eec9c1,29.58842,74.32269,0.1111111111,0
658198d79807e32264eec9c4,26.86242,75.36171,0.0555555556,0
658198d89807e32264eec9c7,25.23501,73.53272,0.0833333333,0
658198d89807e32264eec9ca,24.79357,73.0598,0.2222222222,0
658198d99807e32264eec9cd,25.40799,75.13616,0.1666666667,0
658198d99807e32264eec9d0,24.77586,76.72864,0.1388888889,0
658198da9807e32264eec9d3,25.33884,74.61999,0.0555555556,0
658198da9807e32264eec9d6,26.92062,75.79014,0.0833333333,0
658198db9807e32264eec9d9,24.99875,72.05202,0.2222222222,0
658198db9807e32264eec9dc,26.75897,75.99429,0.0555555556,0
658198db9807e32264eec9df,25.2082,71.43742,0.1388888889,0
658198dc9807e32264eec9e3,26.8856162633,75.7991678817,0.1111111111,0
658198dc9807e32264eec9e6,26.39014,72.493452,0.1388888889,0
658198dd9807e32264eec9e9,23.98498,74.08052,0.0833333333,0
658198dd9807e32264eec9ec,25.62821,73.63123,0.1666666667,0
658198de9807e32264eec9ef,29.49229,74.0935,0.0277777778,0
658198de9807e32264eec9f2,24.1274652,75.858967,0.1388888889,0
658198df9807e32264eec9f5,25.836698,74.285136,0.0833333333,0
658198df9807e32264eec9f8,23.858256,73.716842,0.1388888889,0
658198e09807e32264eec9fb,27.214211,77.502982,0.0833333333,0
658198e09807e32264eec9fe,26.8694405,75.7575779,0.1666666667,0
658198e09807e32264eeca01,25.3151954,75.7326869,0.0833333333,0
658198e19807e32264eeca04,28.20316,76.8456987,0.1111111111,0
658198e19807e32264eeca07,27.21843,77.48351,0.1388888889,0
658198e29807e32264eeca0a,26.91863,75.78937,0.0555555556,0
658198e29807e32264eeca0d,26.50201,75.51564,0.0833333333,0
658198e39807e32264eeca10,24.59233,76.14992,0.1944444444,0
658198e39807e32264eeca13,26.5783,74.83946,0.0555555556,0
658198e49807e32264eeca16,27.4091,77.3511,0.1666666667,0
658198e49807e32264eeca19,27.7013,76.19125,0.1111111111,0
658198e49807e32264eeca1c,26.41017,76.1318,0.1111111111,0
658198e59807e32264eeca1f,27.51384,75.42227,0.1944444444,0
658198e59807e32264eeca22,27.21168,77.51142,0.0833333333,0
658198e69807e32264eeca26,26.29839,74.73177,0.0833333333,0
658198e69807e32264eeca29,26.95204,74.45274,0.1944444444,0
658198e79807e32264eeca2c,24.8965,74.64417,0.0555555556,0
658198e79807e32264eeca2f,26.80114,75.75062,0.0833333333,0
658198e89807e32264eeca32,25.07174,76.49818,0.1111111111,0
658198e89807e32264eeca35,23.55189,74.44664,0.1666666667,0
658198e89807e32264eeca38,28.01651,73.31185,0.1388888889,0
658198e99807e32264eeca3b,26.742507,77.02944,0.1111111111,0
658198e99807e32264eeca3e,25.77131,73.32819,0.1388888889,0
658198ea9807e32264eeca42,29.62224,74.3088,0.1388888889,0
658198eb9807e32264eeca46,26.72227,75.70067,0.0555555556,0
658198eb9807e32264eeca49,25.754402,71.3979881,0.1111111111,0
658198eb9807e32264eeca4c,28.50912,72.80779,0.1111111111,0
658198ec9807e32264eeca4f,27.432,76.17348,0.1388888889,0
658198ec9807e32264eeca52,26.44602,74.64811,0.1666666667,0
658198ed9807e32264eeca55,29.26253,74.40682,0.1388888889,0
658198ed9807e32264eeca58,24.880869,72.846661,0.0833333333,0
658198ed9807e32264eeca5b,26.486402,74.60616,0.0555555556,0
658198ee9807e32264eeca5e,24.5725487,73.7247206,0.1111111111,0
658198ee9807e32264eeca61,24.77153,72.73661,0.0555555556,0
658198ef9807e32264eeca65,27.8827,76.2859,0.0277777778,0
658198ef9807e32264eeca68,25.79617,73.30399,0.0555555556,0
658198f09807e32264eeca6b,25.77072,73.32826,0.0833333333,0
658198f09807e32264eeca6e,23.83217,73.71493,0.1944444444,0
658198f19807e32264eeca73,25.57231,72.66368,0.1388888889,0
658198f19807e32264eeca76,27.46616,77.30748,0.1388888889,0
658198f29807e32264eeca79,26.16976,75.80151,0.1666666667,0
658198f39807e32264eeca7e,25.77078,73.32805,0.1388888889,0
658198f39807e32264eeca81,26.0956,74.3186,0.0555555556,0
658198f49807e32264eeca86,27.00856,71.92144,0.1388888889,0
658198f59807e32264eeca8b,26.9293624897,75.8319528759,0.0555555556,0
658198f59807e32264eeca8f,26.98883,75.85779,0.0833333333,0
658198f69807e32264eeca92,27.18848,73.72949,0.1944444444,0
658198f79807e32264eeca95,25.17028,75.861,0.0833333333,0
658198f79807e32264eeca98,25.5101,73.22036,0.1388888889,0
658198f79807e32264eeca9b,27.96529,73.56326,0.0555555556,0
658198f89807e32264eeca9f,25.72681,70.88023,0.1111111111,0
658198f99807e32264eecaa2,26.5295,71.17161,0.1666666667,0
658198f99807e32264eecaa5,27.60142,76.09071,0.1388888889,0
658198f99807e32264eecaa8,25.52265,73.44924,0.1111111111,0
658198fa9807e32264eecaac,24.6501098,72.9238881,0.1944444444,0
658198fb9807e32264eecab0,26.51427,77.02139,0.1111111111,0
658198fb9807e32264eecab3,26.45738,74.63497,0.0833333333,0
658198fb9807e32264eecab6,26.901792,75.852137,0.1944444444,0
658198fc9807e32264eecab9,25.82881,72.24714,0.1666666667,0
658198fc9807e32264eecabc,29.6779,73.77647,0.1388888889,0
658198fd9807e32264eecabf,27.5642,77.08276,0.1388888889,0
658198fd9807e32264eecac2,26.28631,73.01161,0.1666666667,0
658198fe9807e32264eecac6,24.8849,74.6165,0.1111111111,0
658198fe9807e32264eecac9,26.9253,75.78297,0.1111111111,0
658198ff9807e32264eecacc,25.43889,75.63884,0.0833333333,0
658198ff9807e32264eecacf,25.80005,73.32761,0.1388888889,0
658199009807e32264eecad2,25.18839,75.8503,0.0555555556,0
658199009807e32264eecad5,26.4558,74.63682,0.1111111111,0
658199019807e32264eecad8,28.11666,75.3855,0.0833333333,0
658199019807e32264eecadb,26.93878,75.78794,0.1944444444,0
658199029807e32264eecadf,25.01799,72.55516,0.0833333333,0
658199029807e32264eecae2,24.86296,76.6769,0.1111111111,0
658199039807e32264eecae5,25.14724,73.08643,0.0833333333,0
658199039807e32264eecae8,25.10453,76.47703,0.1388888889,0
658199049807e32264eecaeb,27.09834,75.08712,0.1111111111,0
658199049807e32264eecaee,26.66347,74.03788,0.0555555556,0
658199059807e32264eecaf2,25.75017,71.39802,0.1666666667,0
658199059807e32264eecaf5,24.41312,73.47709,0.1111111111,0
658199069807e32264eecaf8,26.01039,75.91803,0.1388888889,0
658199079807e32264eecafd,25.47454,73.59603,0.1666666667,0
658199079807e32264eecb00,25.72536,74.343213,0.1388888889,0
658199079807e32264eecb03,26.912178,75.835323,0.0833333333,0
658199089807e32264eecb08,26.88398,75.81276,0.1111111111,0
658199099807e32264eecb0c,25.92888,74.65356,0.1666666667,0
658199099807e32264eecb0f,25.14549,76.31059,0.1388888889,0
6581990a9807e32264eecb12,25.85921,72.67767,0.1388888889,0
6581990a9807e32264eecb15,26.90202,75.77655,0.1388888889,0
6581990b9807e32264eecb18,27.8044783,76.6392132,0.1388888889,0
6581990b9807e32264eecb1b,28.21262,76.86217,0.1666666667,0
6581990c9807e32264eecb1e,24.56766,73.6916,0.1111111111,0
6581990c9807e32264eecb21,25.3395,74.61952,0.1388888889,0
6581990d9807e32264eecb25,27.212131,77.509463,0.1944444444,0
6581990d9807e32264eecb28,29.9356083,73.8819365,0.1944444444,0
6581990e9807e32264eecb2b,25.6798312,75.9411755,0.1666666667,0
6581990e9807e32264eecb2e,28.1130716,76.3779384,0.0833333333,0
6581990f9807e32264eecb31,26.973994,73.970467,0.1388888889,0
6581990f9807e32264eecb34,25.898433,71.767663,0.1666666667,0
658199109807e32264eecb37,27.15387,77.58066,0.1111111111,0
658199109807e32264eecb3a,27.9119,75.15198,0.1111111111,0
658199109807e32264eecb3d,28.42146,75.75436,0.0833333333,0
658199119807e32264eecb40,23.56963,74.32305,0.0833333333,0
658199119807e32264eecb43,29.795009,74.466633,0.0833333333,0
658199129807e32264eecb46,28.01811448,73.29276859,0.1388888889,0
658199129807e32264eecb4a,24.5784833,73.6924262,0.1944444444,0
658199139807e32264eecb4d,23.78869,74.45712,0.0833333333,0
658199139807e32264eecb50,27.3666121,75.584799,0.0833333333,0
658199149807e32264eecb53,26.64244,76.08666,0.1388888889,0
658199149807e32264eecb57,28.2919982,74.9596856,0.1111111111,0
658199159807e32264eecb5a,26.9167,75.8167,0.1388888889,0
658199159807e32264eecb5d,24.58543,73.69517,0.1666666667,0
658199169807e32264eecb60,25.18607,75.8699,0.1111111111,0
658199169807e32264eecb63,28.63159,75.385892,0.0833333333,0
658199179807e32264eecb66,24.3701063,75.9554219,0.0833333333,0
658199179807e32264eecb69,26.916579,77.295042,0.1111111111,0
658199189807e32264eecb6c,24.27201,76.43534,0.1111111111,0
658199189807e32264eecb70,25.67062,73.80944,0.0555555556,0
658199199807e32264eecb73,28.01784,73.34614,0.1388888889,0
658199199807e32264eecb76,24.93017,75.59034,0.1944444444,0
6581991a9807e32264eecb79,25.35577,72.61093,0.2222222222,0
6581991a9807e32264eecb7e,26.01236,76.35591,0.0833333333,0
6581991b9807e32264eecb81,25.32882,73.97319,0.1111111111,0
6581991c9807e32264eecb86,26.9359950831,75.8433659696,0.1666666667,0
6581991d9807e32264eecb8a,27.84838,75.2527,0.1388888889,0
6581991e9807e32264eecb8d,25.7711,73.32828,0.0833333333,0
6581991e9807e32264eecb90,26.88161,75.80427,0.1666666667,0
6581991e9807e32264eecb93,26.18942,71.24447,0.1388888889,0
6581991f9807e32264eecb96,25.107,75.86089,0.1111111111,0
658199209807e32264eecb99,27.149,74.85848,0.1111111111,0
658199219807e32264eecb9c,25.74687,71.41531,0.0833333333,0
658199229807e32264eecb9f,24.54706,76.17292,0.0277777778,0
658199229807e32264eecba2,24.62628,76.70826,0.1111111111,0
658199239807e32264eecba5,24.608993,72.724401,0.1388888889,0
658199239807e32264eecba8,24.76197,71.77972,0.1388888889,0
658199249807e32264eecbab,24.6281,73.67994,0.0833333333,0
658199259807e32264eecbb1,25.6747504,76.2015892,0.1666666667,0
658199269807e32264eecbb4,27.218423,77.483579,0.1111111111,0
658199269807e32264eecbb7,25.12246,75.85691,0.1944444444,0
658199269807e32264eecbba,26.832209,75.774744,0.0277777778,0
658199279807e32264eecbbd,26.4616,74.63285,0.1111111111,0
658199279807e32264eecbc0,26.83464,76.335454,0.1666666667,0
658199289807e32264eecbc3,26.91204,75.84317,0.1388888889,0
658199289807e32264eecbc6,26.169991,75.786234,0.1666666667,0
658199299807e32264eecbc9,25.4332,70.86055,0.0277777778,0
658199299807e32264eecbcc,26.92109,75.79015,0.1111111111,0
6581992a9807e32264eecbcf,27.429293,75.812292,0.1111111111,0
6581992a9807e32264eecbd2,28.04741,73.20444,0.1111111111,0
6581992b9807e32264eecbd5,25.97339,73.43734,0.1388888889,0
6581992b9807e32264eecbd8,24.54227,73.71027,0.0277777778,0
6581992c9807e32264eecbdb,25.86533,73.75096,0.0833333333,0
6581992c9807e32264eecbde,28.84882,72.88601,0.1111111111,0
6581992d9807e32264eecbe1,25.66732,73.739,0.1666666667,0
6581992d9807e32264eecbe5,24.83003,76.01342,0.0555555556,0
6581992e9807e32264eecbe8,25.1863,75.84538,0.1111111111,0
6581992e9807e32264eecbeb,26.50334,77.02362,0.0833333333,0
6581992f9807e32264eecbee,26.42394,74.62997,0.1388888889,0
6581992f9807e32264eecbf1,27.24534,77.49833,0.1666666667,0
658199309807e32264eecbf4,26.19851,73.00219,0.0555555556,0
658199319807e32264eecbfa,24.62629,76.70827,0.0833333333,0
658199319807e32264eecbfd,25.30923,73.17141,0.1111111111,0
658199329807e32264eecc01,25.10482,76.47122,0.1111111111,0
658199329807e32264eecc04,26.06366,75.86119,0.1111111111,0
658199339807e32264eecc07,26.69964,77.89539,0.1111111111,0
658199339807e32264eecc0b,26.89696,75.73291,0.0555555556,0
658199349807e32264eecc0f,26.50589,74.63056,0.1666666667,0
658199349807e32264eecc12,27.74068,75.80692,0.0833333333,0
658199369807e32264eecc18,26.26352,73.02794,0.0833333333,0
658199369807e32264eecc1c,26.1054,74.3137,0.1666666667,0
658199379807e32264eecc1f,24.74695,73.72249,0.1388888889,0
658199379807e32264eecc22,25.15658,76.29792,0.0277777778,0
658199379807e32264eecc25,27.81449,74.4378,0.1388888889,0
658199389807e32264eecc28,27.20641,77.51287,0.0555555556,0
658199389807e32264eecc2b,26.57301,74.8612,0.1111111111,0
658199399807e32264eecc2f,24.67675,72.28276,0.0833333333,0
658199399807e32264eecc32,26.28677,72.99721,0.1388888889,0
6581993a9807e32264eecc35,28.01185,73.35521,0.1666666667,0
6581993a9807e32264eecc38,26.697386,77.899467,0.1666666667,0
6581993b9807e32264eecc3b,26.1845107431,75.8232984715,0.1666666667,0
6581993c9807e32264eecc41,25.09646,76.50822,0.1666666667,0
6581993d9807e32264eecc45,28.20289,76.84545,0.1388888889,0
6581993d9807e32264eecc48,26.923164,75.74599,0.0555555556,0
6581993d9807e32264eecc4b,24.64818,76.04177,0.0833333333,0
6581993e9807e32264eecc4e,24.4713328,76.3443273,0.0277777778,0
6581993e9807e32264eecc51,26.64186,71.8779,0.1666666667,0
6581993f9807e32264eecc54,24.63607,72.65684,0.0833333333,0
6581993f9807e32264eecc57,26.479994,77.0162,0.1388888889,0
658199409807e32264eecc5a,26.929606,76.514797,0.1111111111,0
658199409807e32264eecc5e,26.46862,74.6445,0.1666666667,0
658199419807e32264eecc61,24.59558,76.16531,0.0555555556,0
658199419807e32264eecc64,26.91361,75.19906,0.1388888889,0
658199429807e32264eecc67,27.61663,75.17482,0.0833333333,0
658199429807e32264eecc6a,27.89281,76.28119,0.1388888889,0
658199439807e32264eecc6d,26.51613,74.6698,0.1388888889,0
658199439807e32264eecc70,25.21985,77.35004,0.1388888889,0
658199449807e32264eecc73,25.18648,75.84156,0.1388888889,0
658199449807e32264eecc76,24.33911,73.66168,0.1944444444,0
658199459807e32264eecc7a,25.50997,75.85095,0.1666666667,0
658199469807e32264eecc7f,24.42075,76.54389,0.0833333333,0
658199469807e32264eecc82,25.18941,73.30028,0.1111111111,0
658199469807e32264eecc85,27.04337,76.57218,0.1388888889,0
658199479807e32264eecc88,25.562935,71.918263,0.1944444444,0
658199479807e32264eecc8b,27.31294,77.37887,0.1388888889,0
658199489807e32264eecc8e,25.32511,72.63365,0.1388888889,0
658199489807e32264eecc91,26.31092,75.15871,0.1666666667,0
658199499807e32264eecc95,26.502,77.02699,0.1666666667,0
658199499807e32264eecc98,27.21178,77.47787,0.0833333333,0
6581994a9807e32264eecc9b,28.24092,75.64537,0.1944444444,0
6581994b9807e32264eecca0,26.47528,74.65413,0.1944444444,0
6581994b9807e32264eecca3,25.150795,75.861066,0.1111111111,0
6581994b9807e32264eecca6,28.09361,73.35512,0.1944444444,0
6581994c9807e32264eecca9,24.581524,73.685938,0.1111111111,0
6581994c9807e32264eeccad,25.76937,73.32839,0.0833333333,0
6581994d9807e32264eeccb0,25.79665,73.30367,0.0555555556,0
6581994d9807e32264eeccb3,26.90357,75.18816,0.0833333333,0
6581994e9807e32264eeccb6,26.91004,75.18964,0.0277777778,0
6581994e9807e32264eeccb9,27.24432,77.50356,0.1111111111,0
6581994f9807e32264eeccbc,27.64248,76.59792,0.0833333333,0
6581994f9807e32264eeccbf,28.06283,73.33842,0.1388888889,0
658199509807e32264eeccc2,26.20206,73.93853,0.1388888889,0
658199509807e32264eeccc5,24.88884,74.62749,0.1111111111,0
658199509807e32264eeccc8,26.86911,76.98947,0.0833333333,0
658199519807e32264eecccb,27.05597,74.85253,0.0833333333,0
658199529807e32264eecccf,26.71318,75.69263,0.0833333333,0
658199529807e32264eeccd2,25.74422,73.33641,0.1111111111,0
658199529807e32264eeccd5,25.88627,75.59486,0.1944444444,0
658199539807e32264eeccd9,25.52062,74.87617,0.1388888889,0
658199539807e32264eeccdc,24.46083,76.24865,0.1111111111,0
658199549807e32264eecce0,26.48868,74.64834,0.0833333333,0
658199549807e32264eecce3,24.65187,75.99927,0.0555555556,0
658199559807e32264eecce6,25.23476,74.68929,0.1111111111,0
658199569807e32264eecceb,26.45807,74.6245,0,0
658199569807e32264eeccee,27.47231,77.32043,0.1388888889,0
658199579807e32264eeccf1,26.47815,74.64928,0.1388888889,0
658199579807e32264eeccf4,24.58275,76.16989,0.0555555556,0
658199579807e32264eeccf7,24.75954,74.64115,0.1666666667,0
658199589807e32264eeccfa,28.11204,76.83207,0.1111111111,0
658199589807e32264eeccfd,24.64622,72.92214,0.0555555556,0
658199599807e32264eecd00,24.92862,74.45229,0.1111111111,0
6581995a9807e32264eecd05,24.8529,74.2084,0.1111111111,0
6581995a9807e32264eecd08,24.59252,76.16046,0.1388888889,0
6581995b9807e32264eecd0b,26.16862,75.79555,0.1388888889,0
6581995b9807e32264eecd0e,28.21193,76.86347,0.1944444444,0
6581995b9807e32264eecd11,26.40405,77.12717,0.1388888889,0
6581995c9807e32264eecd14,26.6056,75.51291,0.1944444444,0
6581995c9807e32264eecd17,29.52082,73.58081,0.0555555556,0
6581995d9807e32264eecd1a,29.34479,74.21422,0.1944444444,0
6581995d9807e32264eecd1d,25.73828,75.40139,0.1388888889,0
6581995e9807e32264eecd21,24.78605,73.99466,0.0833333333,0
6581995e9807e32264eecd24,27.16644,75.85521,0.1388888889,0
6581995f9807e32264eecd27,26.78476,74.08224,0.0555555556,0
6581995f9807e32264eecd2a,27.03423,74.74033,0.1944444444,0
6581995f9807e32264eecd2d,24.88839,72.85003,0.1666666667,0
658199609807e32264eecd30,26.80265,75.8444,0.1111111111,0
658199609807e32264eecd33,26.45583,74.62678,0.1944444444,0
658199619807e32264eecd36,27.0369,74.72603,0.1388888889,0
658199619807e32264eecd39,27.78872,76.21692,0.1111111111,0
658199629807e32264eecd3c,27.79172,72.8135,0.1388888889,0
658199629807e32264eecd3f,23.55716,74.43465,0.1388888889,0
658199639807e32264eecd42,25.43488,75.6482,0.1388888889,0
658199639807e32264eecd45,25.35186,74.64042,0.0555555556,0
658199649807e32264eecd4b,25.35134,74.63123,0.1111111111,0
658199659807e32264eecd4e,24.45973,74.85101,0.1111111111,0
658199659807e32264eecd52,24.41955,75.83387,0.1666666667,0
658199669807e32264eecd57,27.572,76.6095,0.1111111111,0
658199679807e32264eecd5a,25.7479,71.39728,0.1111111111,0
658199679807e32264eecd5d,29.62296,74.2893,0.1111111111,0
658199679807e32264eecd60,27.71455,75.77885,0.1111111111,0
658199689807e32264eecd63,25.79199,73.33342,0.1111111111,0
658199689807e32264eecd66,27.54452,76.66969,0.1388888889,0
658199699807e32264eecd69,26.45717,76.85823,0.0833333333,0
6581996a9807e32264eecd72,27.3628,76.8354,0.1388888889,0
6581996b9807e32264eecd75,27.82043,75.01376,0.1111111111,0
6581996b9807e32264eecd78,24.64805,76.03821,0.1666666667,0
6581996c9807e32264eecd7b,25.43663,74.6027,0.1388888889,0
6581996d9807e32264eecd7e,26.60733,74.96702,0.1388888889,0
6581996d9807e32264eecd81,29.62015,74.26568,0.0833333333,0
6581996d9807e32264eecd84,26.3809,73.54655,0.1111111111,0
6581996e9807e32264eecd87,26.26627,73.28405,0.1111111111,0
6581996e9807e32264eecd8a,27.54101,76.60853,0.1388888889,0
6581996f9807e32264eecd8f,26.05295,76.14752,0.1944444444,0
658199709807e32264eecd93,25.35614,72.61918,0.1666666667,0
658199719807e32264eecd97,27.27997,74.49366,0.1388888889,0
658199719807e32264eecd9a,28.1711,74.9899,0.1666666667,0
658199729807e32264eecd9e,26.81595,75.78285,0.1111111111,0
658199729807e32264eecda1,26.06366,74.7606,0.1111111111,0
658199739807e32264eecda4,23.1967,74.44971,0.1388888889,0
658199739807e32264eecda7,27.2334,76.6255,0.1111111111,0
658199749807e32264eecdaa,24.50228,74.1893,0.0555555556,0
658199749807e32264eecdad,29.60364,74.27277,0.1666666667,0
658199759807e32264eecdb0,29.16874,74.33483,0.0833333333,0
658199759807e32264eecdb3,29.49029,74.09033,0.1666666667,0
658199759807e32264eecdb6,24.04124,74.09072,0.1111111111,0
658199769807e32264eecdb9,27.36889,75.58428,0.0833333333,0
658199779807e32264eecdbe,25.15909,73.07452,0.1111111111,0
658199779807e32264eecdc1,26.98158,75.85262,0.0833333333,0
658199789807e32264eecdc4,27.39299,74.55226,0.0833333333,0
658199789807e32264eecdc7,24.02628,74.78822,0.1388888889,0
6581997a9807e32264eecdd0,25.49081,71.07755,0.1111111111,0
6581997b9807e32264eecdd5,26.89159,75.83196,0.1111111111,0
6581997b9807e32264eecdd9,26.07886,74.10032,0.1388888889,0
6581997c9807e32264eecddd,26.64889,73.49106,0.1111111111,0
6581997d9807e32264eecde1,25.20148,75.85647,0.1111111111,0
6581997d9807e32264eecde5,27.70078,76.19748,0.2222222222,0
6581997e9807e32264eecde8,26.83166,75.57662,0.0555555556,0
6581997e9807e32264eecdeb,27.21892,75.94641,0.0833333333,0
6581997f9807e32264eecdee,26.22734,73.03955,0.0833333333,0
6581997f9807e32264eecdf1,25.673,76.18079,0.1388888889,0
658199809807e32264eecdf7,25.14244,73.05772,0.0277777778,0
658199819807e32264eecdfa,27.23622,77.48945,0.0555555556,0
658199819807e32264eecdfe,25.61226,72.51512,0.1111111111,0
658199829807e32264eece01,28.2095,74.95201,0.1944444444,0
658199829807e32264eece04,25.66311,72.42532,0.1111111111,0
658199839807e32264eece07,24.78044,72.2873,0.1666666667,0
658199849807e32264eece0a,27.54068,76.60886,0.0833333333,0
658199849807e32264eece0d,27.85485,75.26825,0.0833333333,0
658199859807e32264eece12,26.47285,75.31864,0.1111111111,0
658199859807e32264eece15,27.18496,76.29095,0.0277777778,0
658199869807e32264eece18,25.28176,73.78409,0.1111111111,0
658199869807e32264eece1b,27.0870048,76.1555809,0.0833333333,0
658199879807e32264eece1e,26.6779,75.2323,0.1666666667,0
658199879807e32264eece21,26.90442,77.92925,0.1388888889,0
658199889807e32264eece24,25.9525,74.22,0.1388888889,0
658199889807e32264eece27,26.23652,75.85008,0.0555555556,0
658199889807e32264eece2a,28.1207,75.9618,0.1666666667,0
658199899807e32264eece2d,27.84429,75.24839,0.1111111111,0
658199899807e32264eece30,26.69465,74.62473,0.1388888889,0
6581998a9807e32264eece33,27.21387,77.20328,0.1666666667,0
6581998a9807e32264eece36,27.59586,75.49635,0.0277777778,0
6581998b9807e32264eece39,25.37527,73.44856,0.0833333333,0
6581998b9807e32264eece3c,28.05716,75.15522,0.1666666667,0
6581998c9807e32264eece3f,28.17787,75.73864,0.1388888889,0
6581998c9807e32264eece42,25.34626,73.31061,0.0555555556,0
6581998d9807e32264eece45,24.78897,73.03262,0.0833333333,0
6581998d9807e32264eece48,29.10432,75.15972,0.0833333333,0
6581998e9807e32264eece4b,26.479,77.01597,0.1388888889,0
6581998e9807e32264eece4f,27.99831,75.78873,0.1388888889,0
6581998f9807e32264eece52,27.40391,74.56551,0.0833333333,0
6581998f9807e32264eece55,24.58721,73.71226,0.1388888889,0
658199909807e32264eece59,26.70047,76.9112,0.1388888889,0
658199919807e32264eece5d,25.86216,75.678,0.1111111111,0
658199929807e32264eece62,27.60772,75.1514,0.1388888889,0
658199929807e32264eece65,26.28656,73.01102,0.0833333333,0
658199929807e32264eece68,24.24285,76.80612,0.0833333333,0
658199939807e32264eece6d,24.88885,74.62725,0.0277777778,0
658199949807e32264eece70,25.14938,73.08298,0.1111111111,0
658199949807e32264eece73,25.92915,73.67435,0.1111111111,0
658199959807e32264eece76,25.32366,76.51301,0.0277777778,0
658199959807e32264eece79,27.54416,76.67014,0.0555555556,0
658199969807e32264eece7d,24.482088,72.784596,0.0833333333,0
658199969807e32264eece80,25.32588,74.63093,0.1388888889,0
658199979807e32264eece83,25.066402,73.871148,0.1666666667,0
658199989807e32264eece88,25.72338,76.11162,0.1388888889,0
658199989807e32264eece8b,23.53458,74.43212,0.0833333333,0
658199999807e32264eece8e,24.44165,74.5677,0.0555555556,0
658199999807e32264eece91,23.86154,73.85655,0.1666666667,0
6581999a9807e32264eece96,23.91268,74.70789,0.0555555556,0
6581999a9807e32264eece99,27.78355,76.45075,0.1388888889,0
6581999b9807e32264eece9e,26.46935,74.64249,0.2222222222,0
6581999c9807e32264eecea1,25.12531,73.60398,0.0555555556,0
6581999c9807e32264eecea4,28.01994,73.32823,0.1666666667,0
6581999d9807e32264eecea7,26.88346,74.75921,0.1111111111,0
6581999e9807e32264eecead,28.6348,75.3882,0.1388888889,0
6581999f9807e32264eeceb2,26.81648,77.91729,0.1111111111,0
6581999f9807e32264eeceb5,26.80396,77.14184,0.1666666667,0
658199a09807e32264eeceb8,26.91096,70.90807,0.0833333333,0
658199a19807e32264eecebc,25.95819,73.14227,0.2222222222,0
658199a19807e32264eecebf,28.21019,76.8328,0.0833333333,0
658199a19807e32264eecec2,26.890982,75.772091,0.0555555556,0
658199a29807e32264eecec5,26.27308,74.50497,0.1111111111,0
658199a29807e32264eecec8,26.36315,77.17983,0.1111111111,0
658199a39807e32264eececb,25.44596,75.63175,0.2222222222,0
658199a49807e32264eececf,29.67775,73.77372,0.1944444444,0
658199a49807e32264eeced2,26.92221,75.81198,0.1666666667,0
658199a49807e32264eeced5,27.15623,76.85256,0.0833333333,0
658199a69807e32264eecedc,29.87114,73.93115,0.1388888889,0
658199a69807e32264eecedf,26.88885,76.33456,0.1111111111,0
658199a79807e32264eecee4,24.57298,73.75107,0.0833333333,0
658199a89807e32264eecee7,24.50917,74.18617,0.1111111111,0
658199a89807e32264eeceeb,25.19228,73.28245,0.0833333333,0
658199a99807e32264eeceee,26.78865,73.57809,0.2222222222,0
658199a99807e32264eecef1,26.47424,76.71164,0.1944444444,0
658199aa9807e32264eecef6,27.84824,72.96388,0.1111111111,0
658199ab9807e32264eecef9,26.17007,75.78691,0.1111111111,0
658199ab9807e32264eecefc,27.20325,73.72105,0.1666666667,0
658199ac9807e32264eeceff,25.75843,75.21693,0.1944444444,0
658199ac9807e32264eecf02,27.20662,77.03783,0.2222222222,0
658199ad9807e32264eecf05,24.52588,72.79448,0.1666666667,0
658199ae9807e32264eecf0a,25.40392,75.57726,0.1388888889,0
658199ae9807e32264eecf0e,27.81739,76.22615,0.0833333333,0
658199af9807e32264eecf12,27.47356,74.15568,0.0277777778,0
658199b09807e32264eecf17,25.14245,73.05757,0.1111111111,0
658199b19807e32264eecf1a,24.48195,72.78526,0.1666666667,0
658199b19807e32264eecf1e,27.37824,75.95696,0.1111111111,0
658199b29807e32264eecf21,28.30255,74.95041,0.1388888889,0
658199b29807e32264eecf25,23.52901,74.01803,0.1666666667,0
658199b39807e32264eecf28,26.35266,75.94537,0.0833333333,0
658199b59807e32264eecf30,27.25323,75.72085,0.2222222222,0
658199b59807e32264eecf33,27.39086,76.62536,0.1388888889,0
658199b69807e32264eecf36,24.0187485,74.1401563,0.0833333333,0
658199b69807e32264eecf39,25.34408,72.62854,0.0277777778,0
658199b79807e32264eecf3c,26.89501,76.81936,0.1666666667,0
658199b79807e32264eecf3f,26.34086,76.8945,0.0833333333,0
658199b79807e32264eecf42,25.0203,71.83105,0.1388888889,0
658199b89807e32264eecf46,26.17681,75.78384,0.1388888889,0
658199b99807e32264eecf49,25.60439,72.88937,0.1666666667,0
658199b99807e32264eecf4c,25.59832,75.64792,0.1111111111,0
658199ba9807e32264eecf4f,23.7933,74.4676,0.0555555556,0
658199ba9807e32264eecf53,26.34813,76.89898,0.1944444444,0
658199bb9807e32264eecf56,26.16399,73.99749,0.1666666667,0
658199bb9807e32264eecf59,26.65844,75.9237,0.1111111111,0
658199bc9807e32264eecf5c,26.46656,74.6831,0.1111111111,0
658199bc9807e32264eecf5f,27.10177,77.41226,0.1666666667,0
658199bd9807e32264eecf62,26.87745,75.77428,0.0833333333,0
658199be9807e32264eecf67,26.6914,77.8998,0.0555555556,0
658199be9807e32264eecf6a,26.59711,74.85193,0.0833333333,0
658199bf9807e32264eecf6d,26.3841,73.06692,0.1388888889,0
658199bf9807e32264eecf70,25.1858,75.86981,0.1666666667,0
658199bf9807e32264eecf73,28.01812,73.29249,0.1388888889,0
658199c09807e32264eecf77,26.18457,75.82315,0.1111111111,0
658199c19807e32264eecf7a,25.31549,75.73292,0.1388888889,0
658199c19807e32264eecf7d,23.85803,73.71613,0.1666666667,0
658199c19807e32264eecf80,26.51973,77.37194,0.1111111111,0
658199c29807e32264eecf84,25.42696,75.64961,0.0555555556,0
658199c39807e32264eecf87,23.98382,73.59627,0.1111111111,0
658199c39807e32264eecf8a,27.87232,75.52612,0.0555555556,0
658199c49807e32264eecf8d,25.92354,73.66581,0.0833333333,0
658199c49807e32264eecf90,28.2135,74.95679,0.0833333333,0
658199c49807e32264eecf93,27.36844,70.49888,0.1111111111,0
658199c59807e32264eecf97,27.1398,74.12489,0.1111111111,0
658199c59807e32264eecf9a,25.35597,72.61965,0.0277777778,0
658199c69807e32264eecf9e,25.15063,76.29964,0.1666666667,0
658199c79807e32264eecfa3,26.81863,77.74807,0.1111111111,0
658199c89807e32264eecfa6,27.9882,73.30082,0.1666666667,0
658199c89807e32264eecfa9,26.08052,73.41768,0.1666666667,0
658199c99807e32264eecfac,25.79823,73.32865,0.1111111111,0
658199c99807e32264eecfaf,29.02064,73.06751,0.1111111111,0
658199ca9807e32264eecfb2,26.35272,75.94541,0.1111111111,0
658199cc9807e32264eecfbd,28.17105,74.98985,0.0277777778,0
658199cd9807e32264eecfc1,25.27289,73.56138,0.1666666667,0
658199ce9807e32264eecfc4,25.19709,75.88406,0.1111111111,0
658199ce9807e32264eecfc8,26.93111,75.80473,0.1111111111,0
658199cf9807e32264eecfcc,25.11748,74.07684,0.1111111111,0
658199cf9807e32264eecfcf,26.31451,71.46503,0.1388888889,0
658199d09807e32264eecfd3,26.33529,73.05706,0.1111111111,0
658199d19807e32264eecfd6,25.03512,75.66904,0.1388888889,0
658199d19807e32264eecfda,24.45459,72.75743,0.0833333333,0
658199d29807e32264eecfdd,26.96999,73.41591,0.1388888889,0
658199d29807e32264eecfe0,24.6134,74.00979,0.1111111111,0
658199d39807e32264eecfe3,26.71314,75.69263,0.1388888889,0
658199d49807e32264eecfeb,27.74149,75.77814,0.1388888889,0
658199d59807e32264eecfee,25.308923,73.171365,0.2222222222,0
658199d59807e32264eecff1,26.65069,74.03675,0.1666666667,0
658199d69807e32264eecff4,26.79806,75.35156,0.1111111111,0
658199d69807e32264eecff7,26.340823,76.894426,0.1111111111,0
658199d79807e32264eecffe,27.0549,76.1649,0.1111111111,0
658199d89807e32264eed001,23.5921,74.15397,0.1388888889,0
658199d89807e32264eed004,25.89314,73.80451,0.1388888889,0
658199d99807e32264eed007,25.0025,76.10974,0.1944444444,0
658199d99807e32264eed00b,26.12348,74.69709,0.1388888889,0
658199da9807e32264eed00e,26.84872,75.80883,0.0833333333,0
658199da9807e32264eed011,27.71097,76.47685,0.1388888889,0
658199db9807e32264eed014,24.57923,76.22795,0.1111111111,0
658199db9807e32264eed017,25.75937,75.37514,0.2222222222,0
658199dc9807e32264eed01a,25.50326,74.68391,0.1666666667,0
658199dc9807e32264eed01d,23.54575,74.43959,0.1111111111,0
658199dd9807e32264eed020,27.75567,74.78005,0.1666666667,0
658199dd9807e32264eed024,25.17649,75.83067,0.1111111111,0
658199de9807e32264eed027,28.70166,72.59807,0.1666666667,0
658199df9807e32264eed02b,24.48216,72.785,0.1111111111,0
658199df9807e32264eed02e,25.82881,72.24731,0.2222222222,0
658199df9807e32264eed031,23.98451,73.59631,0.1666666667,0
658199e09807e32264eed034,26.49455,74.5433,0.0833333333,0
658199e09807e32264eed037,24.58258,76.16973,0.1111111111,0
658199e19807e32264eed03b,25.61023,74.90661,0.1388888889,0
658199e19807e32264eed03e,27.83414,74.33204,0.0555555556,0
658199e29807e32264eed042,24.573784,73.686561,0.1944444444,0
658199e29807e32264eed045,26.45521,74.63096,0.0833333333,0
658199e39807e32264eed048,28.18191,75.49379,0.0833333333,0
658199e39807e32264eed04b,27.39943,75.88959,0.1388888889,0
658199e49807e32264eed04e,28.11653,75.38547,0.1388888889,0
658199e49807e32264eed051,27.42969,73.54257,0.1111111111,0
658199e59807e32264eed054,24.49005,73.84509,0.1111111111,0
658199e59807e32264eed058,27.31729,77.0778,0.0833333333,0
658199e69807e32264eed05b,28.28449,74.95789,0.1111111111,0
658199e69807e32264eed05e,25.52695,73.34004,0.1111111111,0
658199e79807e32264eed062,27.58084,76.08004,0.1111111111,0
658199e89807e32264eed067,24.87594,74.63852,0.1111111111,0
658199e89807e32264eed06b,25.41405,75.67223,0.1388888889,0
658199e99807e32264eed06f,26.46862,74.68262,0.1944444444,0
658199ec9807e32264eed07a,26.35879,75.94899,0.2222222222,0
658199ec9807e32264eed07d,25.16185,75.86407,0.0833333333,0
658199ed9807e32264eed080,26.284633,73.016093,0.1666666667,0
658199ed9807e32264eed083,26.2812294561,73.0325689485,0.1388888889,0
658199ee9807e32264eed086,26.28413,73.0183,0.1388888889,0
658199ee9807e32264eed089,24.62545,73.86633,0.0555555556,0
658199ef9807e32264eed08c,25.43357,75.65344,0.0833333333,0
658199ef9807e32264eed08f,27.36649,75.58437,0.1944444444,0
658199f09807e32264eed092,27.21495,77.52104,0.1111111111,0
658199f09807e32264eed095,27.70709,76.19513,0.1388888889,0
658199f19807e32264eed098,26.44396,74.61943,0.0555555556,0
658199f19807e32264eed09b,25.37877,72.44085,0.0833333333,0
658199f29807e32264eed09e,27.42622,74.84358,0.1666666667,0
658199f39807e32264eed0a3,25.32402,76.51355,0.1111111111,0
658199f39807e32264eed0a6,26.56313,76.32897,0.0833333333,0
658199f59807e32264eed0af,28.01988,73.32758,0.1388888889,0
658199f69807e32264eed0b4,24.02996,74.77615,0.1111111111,0
658199f79807e32264eed0b8,26.50451,76.55227,0.1944444444,0
658199f79807e32264eed0bb,25.24473,77.15824,0.0555555556,0
658199f89807e32264eed0be,27.06469,73.81807,0.1666666667,0
658199f89807e32264eed0c1,29.18371,74.77202,0.1388888889,0
658199f99807e32264eed0c4,25.01792,72.55557,0.1111111111,0
658199f99807e32264eed0c7,25.52847,73.73735,0.1388888889,0
658199fa9807e32264eed0ce,29.07093,73.84179,0.1944444444,0
658199fb9807e32264eed0d2,24.63658,73.70963,0.0277777778,0
658199fc9807e32264eed0d5,29.6346,74.05997,0.1388888889,0
658199fc9807e32264eed0d8,27.30315,74.73032,0.1111111111,0
658199fc9807e32264eed0db,26.68856,76.83153,0.1111111111,0
658199fd9807e32264eed0de,25.34629,73.31084,0.0277777778,0
658199fe9807e32264eed0e2,27.45824,76.95445,0.1666666667,0
658199fe9807e32264eed0e5,25.015,74.25688,0.1388888889,0
658199ff9807e32264eed0e8,27.05097,76.92428,0.0833333333,0
658199ff9807e32264eed0eb,26.30469,74.19115,0.1111111111,0
65819a009807e32264eed0ee,26.0054,76.3411,0.1388888889,0
65819a009807e32264eed0f1,24.54949,73.64475,0.0833333333,0
65819a019807e32264eed0f4,27.63904,74.39463,0.1666666667,0
65819a019807e32264eed0f7,26.31033,73.01021,0.1388888889,0
65819a029807e32264eed0fc,27.47023,77.3264,0.0833333333,0
65819a039807e32264eed0ff,26.3591,75.94881,0.1388888889,0
65819a039807e32264eed102,26.28061,73.03139,0.1388888889,0
65819a049807e32264eed105,23.93438,75.83518,0.1388888889,0
65819a049807e32264eed108,28.80083,73.08169,0.1111111111,0
65819a059807e32264eed10e,24.9351,75.60557,0.1111111111,0
65819a069807e32264eed113,24.59239,76.14984,0.1944444444,0
65819a079807e32264eed116,25.92853,73.66841,0.0833333333,0
65819a079807e32264eed11a,27.23302,75.53331,0.1666666667,0
65819a089807e32264eed11d,24.90497,71.66006,0.1388888889,0
65819a089807e32264eed120,26.54081,77.20266,0.1388888889,0
65819a099807e32264eed123,27.78215,76.23387,0.1666666667,0
65819a099807e32264eed126,24.86175,72.09307,0,0
65819a0a9807e32264eed129,29.61902,73.875452,0.0833333333,0
65819a0a9807e32264eed12c,26.923014,75.827475,0.1388888889,0
65819a0b9807e32264eed12f,24.97891,73.41992,0.1388888889,0
65819a0b9807e32264eed132,26.914353,75.825241,0.0833333333,0
65819a0c9807e32264eed135,26.889203,75.737331,0.1388888889,0
65819a0c9807e32264eed138,28.08359,73.72547,0.1388888889,0
65819a0d9807e32264eed13b,26.3041422,74.1913457,0.1388888889,0
65819a0d9807e32264eed13e,26.94853,75.76303,0.1944444444,0
65819a0e9807e32264eed141,27.5609638,76.5964436,0.0833333333,0
65819a0e9807e32264eed144,24.750644,72.205542,0.1388888889,0
65819a0f9807e32264eed148,25.4335,75.653,0.0555555556,0
65819a0f9807e32264eed14c,26.90912,75.18298,0.1388888889,0
65819a109807e32264eed14f,27.55401,76.62088,0.1944444444,0
65819a109807e32264eed152,24.75089,72.20529,0.1111111111,0
65819a119807e32264eed158,25.35744,74.64806,0.0833333333,0
65819a129807e32264eed15b,27.19073,73.734,0.0833333333,0
65819a129807e32264eed15e,26.99191,77.59817,0.1944444444,0
65819a139807e32264eed161,25.34675,72.63409,0.1111111111,0
65819a139807e32264eed164,25.00169,72.91608,0.0833333333,0
65819a149807e32264eed168,25.68088,76.47223,0.0833333333,0
65819a159807e32264eed16d,27.38133,77.35517,0.0833333333,0
65819a159807e32264eed170,26.248137954,72.976209567,0.1666666667,0
65819a169807e32264eed173,26.951509,75.840739,0.0555555556,0
65819a169807e32264eed176,26.901994,75.776287,0.1111111111,0
65819a179807e32264eed179,27.621108,75.154277,0.1666666667,0
65819a179807e32264eed17c,26.899761,76.3321488,0.0555555556,0
65819a189807e32264eed181,26.78294,76.67179,0.1666666667,0
65819a199807e32264eed184,26.69418,77.88792,0.0833333333,0
65819a199807e32264eed188,29.91869,73.88662,0.1944444444,0
65819a1a9807e32264eed18b,26.47567,74.64919,0.1666666667,0
65819a1a9807e32264eed18e,24.54293,73.68654,0.1111111111,0
65819a1b9807e32264eed191,24.62515,73.86634,0.1388888889,0
65819a1b9807e32264eed194,24.54769,73.70782,0.1111111111,0
65819a1d9807e32264eed199,25.21186,75.86618,0.0833333333,0
65819a1d9807e32264eed19c,27.82326,75.02598,0.1944444444,0
65819a1e9807e32264eed19f,25.73317,74.33371,0.1111111111,0
65819a1e9807e32264eed1a2,24.60889,72.72426,0.0833333333,0
65819a209807e32264eed1ab,26.08506,76.36407,0.1666666667,0
65819a219807e32264eed1b0,23.7787,73.51604,0.1388888889,0
65819a219807e32264eed1b4,24.7315226,76.3775174,0.0833333333,0
65819a229807e32264eed1b7,26.91438,75.82523,0.1388888889,0
65819a229807e32264eed1ba,25.158126,75.826717,0.1388888889,0
65819a239807e32264eed1be,26.0222195463,76.34994077,0.0555555556,0
65819a249807e32264eed1c3,25.43451,75.65472,0.0833333333,0
65819a259807e32264eed1c8,26.33298,73.83867,0.1944444444,0
65819a259807e32264eed1cb,27.98242,74.96326,0.1944444444,0
65819a269807e32264eed1ce,24.78297,73.7501,0.1666666667,0
65819a269807e32264eed1d1,24.7515,73.5345,0.1388888889,0
65819a279807e32264eed1d4,27.93188,72.51313,0.1666666667,0
65819a279807e32264eed1d7,26.87754,76.21401,0.1666666667,0
65819a289807e32264eed1da,26.48764,74.6722,0.2222222222,0
65819a289807e32264eed1dd,27.015614,75.769108,0.0833333333,0
65819a289807e32264eed1e0,26.01263,76.3558,0.0833333333,0
65819a2a9807e32264eed1e6,25.1871,75.86558,0.1388888889,0
65819a2a9807e32264eed1ea,26.91365,70.92503,0.0833333333,0
65819a2b9807e32264eed1ed,26.9138,70.92517,0.0833333333,0
65819a2b9807e32264eed1f0,29.92547,73.87746,0.0833333333,0
65819a2c9807e32264eed1f3,26.45524,74.63696,0.0833333333,0
65819a2c9807e32264eed1f7,27.3645,76.8596,0.1111111111,0
65819a2d9807e32264eed1fa,23.5624,73.9856,0.0833333333,0
65819a2d9807e32264eed1fe,24.42841,74.27148,0.1111111111,0
65819a2e9807e32264eed201,26.98868,75.85702,0.1111111111,0
65819a2e9807e32264eed204,24.64002,73.7163,0.0833333333,0
65819a309807e32264eed20b,26.0635201567,75.0224479867,0.1944444444,0
65819a309807e32264eed20e,26.93638,75.843364,0.1944444444,0
65819a319807e32264eed211,24.92529,76.28843,0.1388888889,0
65819a329807e32264eed216,24.87745,72.86552,0.1944444444,0
65819a339807e32264eed21b,26.36416,75.92671,0.1666666667,0
65819a339807e32264eed21e,25.61684,74.59545,0.0277777778,0
65819a349807e32264eed222,24.58935,73.74653,0.1111111111,0
65819a359807e32264eed227,25.95792,73.14206,0.0555555556,0
65819a359807e32264eed22b,26.5485,74.77301,0.1388888889,0
65819a369807e32264eed22e,26.55129,74.8755,0.1111111111,0
65819a369807e32264eed231,23.77832,73.51574,0.0833333333,0
65819a379807e32264eed235,23.5572,74.3956,0.1111111111,0
65819a379807e32264eed238,28.634875,75.388185,0.1111111111,0
65819a389807e32264eed23c,26.08388,72.27096,0.0555555556,0
65819a399807e32264eed23f,28.50336,75.481209,0.1666666667,0
65819a399807e32264eed242,24.53718,76.17412,0.1111111111,0
65819a3a9807e32264eed245,27.48163,76.86823,0.1666666667,0
65819a3a9807e32264eed248,24.28721,76.23603,0.1388888889,0
65819a3a9807e32264eed24b,28.003383,75.784543,0.1111111111,0
65819a3c9807e32264eed251,25.00237,72.27593,0.1666666667,0
65819a3c9807e32264eed254,25.18408,72.43182,0.0833333333,0
65819a3d9807e32264eed258,25.29676,74.54523,0.0277777778,0
65819a3e9807e32264eed25d,27.66335,76.12682,0.0555555556,0
65819a3e9807e32264eed261,27.14978,77.27199,0.1666666667,0
65819a419807e32264eed26b,26.49518,77.01679,0.1111111111,0
65819a419807e32264eed26f,24.28727,76.23623,0.1111111111,0
65819a429807e32264eed273,25.6724516,76.1780902,0.0833333333,0
65819a439807e32264eed276,25.75307,71.39691,0.1111111111,0
65819a439807e32264eed279,27.65538,76.8856,0.1111111111,0
65819a449807e32264eed27c,25.62028,74.92352,0.0833333333,0
65819a449807e32264eed280,25.13084,73.01406,0.1388888889,0
65819a459807e32264eed285,27.21812,75.79394,0,0
65819a479807e32264eed28c,26.293489038,73.0389464025,0.1388888889,0
65819a479807e32264eed290,26.296361,73.08414,0,0
65819a489807e32264eed293,27.46228,77.29883,0.0555555556,0
65819a489807e32264eed296,26.2151217,70.8203917,0.1666666667,0
65819a499807e32264eed29a,25.99555,76.36418,0.0277777778,0
65819a4a9807e32264eed29d,25.33487,74.60208,0.1388888889,0
65819a4a9807e32264eed2a0,25.13506,75.81631,0.1111111111,0
65819a4b9807e32264eed2a4,25.336733,74.599512,0.1111111111,0
65819a4c9807e32264eed2ab,24.56896,72.78189,0.1111111111,0
65819a4d9807e32264eed2ae,26.90728,73.49382,0.0833333333,0
65819a4d9807e32264eed2b1,26.87661,75.81641,0.1388888889,0
65819a4e9807e32264eed2b4,25.01561,75.01411,0.1666666667,0
65819a4e9807e32264eed2b7,25.45903,72.99265,0.1388888889,0
65819a4f9807e32264eed2bb,26.62488,75.0789,0.1666666667,0
65819a509807e32264eed2c2,27.4383,75.60089,0.1944444444,0
65819a519807e32264eed2c5,26.273210127,73.026838038,0.0833333333,0
65819a519807e32264eed2c8,24.66963,71.76506,0.1111111111,0
